container_log_prefix,request_id,scheduler_request_id,config_hash,invocation_count,generated_tokens_before_sample,requested_forced_token_id,forced_token_id,mask_count,hard_injection_blocked_by_mask,changed_count,soft_injection_count,vector_count,entropy_pid_present
2026-07-28T03:42:23.100215721Z,FINAL-VAL-003,nram-scheduler-075ae025306449988cf17af138549d74,1e2cc745843a13cba0bb940a5a13706c50ca2cb863c9b9c03ce9f8c8c2ba37bb,1,0,,,0,False,0,0,0,False
2026-07-28T03:42:23.156341732Z,FINAL-VAL-004,nram-scheduler-a976151efa6a4651bff354cb8b8c53a5,563044da6fe4d2e08fa13e2a8375665b05e4064a9136b2fe1d1fc2ef47c52a81,1,0,,,0,False,0,0,0,False
2026-07-28T03:42:23.316732124Z,FINAL-VAL-009,nram-scheduler-146b7b9396094bf3ac885e09f8ecdad3,1e2cc745843a13cba0bb940a5a13706c50ca2cb863c9b9c03ce9f8c8c2ba37bb,1,0,,,0,False,0,0,0,False
2026-07-28T03:42:23.364416582Z,FINAL-VAL-013,nram-scheduler-67912cbbcbfc4f6a95a9b4f6e57c527c,c36e16857492914759f2b4b2737bed96b7108fb7590bfd522c150e7463488add,1,0,,,0,False,0,0,0,False
2026-07-28T03:42:23.420073547Z,FINAL-VAL-014,nram-scheduler-09fb5e49c4fb4898be5252b316562405,4d4c63d9a73e7b8203d35d03889de45d404d056b5a368f92767ff02432594866,1,0,,,0,False,0,0,0,False
2026-07-28T03:42:23.527423013Z,FINAL-VAL-018,nram-scheduler-375ef3813ad14c4e9ff8b1d4eeef8c2e,858d9d1828b6385944ca5c37a38c7d1310b975b3eb55b2ed96a324d735c36c8e,1,0,,,0,False,0,0,0,False
2026-07-28T03:42:23.566621365Z,FINAL-VAL-019,nram-scheduler-15f98a8cfd0a4385856c2efaa9b1ba1d,3c6eacd4d2887b99507f71278690f3ffe46724b1978deb7cc4fab7164cc17d57,1,0,,,0,False,0,0,0,False
2026-07-28T03:42:23.634565988Z,FINAL-VAL-023,nram-scheduler-97c87e075735436d968131f4c86ada41,1e2cc745843a13cba0bb940a5a13706c50ca2cb863c9b9c03ce9f8c8c2ba37bb,1,0,,,0,False,0,0,0,False
2026-07-28T03:42:23.671017318Z,FINAL-VAL-024,nram-scheduler-ed3aa38dade545dcbaf47e57f2e26244,1e2cc745843a13cba0bb940a5a13706c50ca2cb863c9b9c03ce9f8c8c2ba37bb,1,0,,,0,False,0,0,0,False
2026-07-28T03:42:23.742075602Z,FINAL-VAL-028,nram-scheduler-49e3cdb61d5e4d5fad42177a6256cd6d,d67fd26d8e02a1386df3ab83c9df1bea5af70e2f3579b9721dca3462287b3783,1,0,,,0,False,0,0,0,False
2026-07-28T03:42:23.781032896Z,FINAL-VAL-029,nram-scheduler-01e641211a3947fa96baf17e782b6aa6,e3fc95bec239d45d628c06100a88e701a9c35e6e7e3a01c0b99c1e106a73f588,1,0,,,0,False,0,0,0,False
2026-07-28T03:42:23.863952821Z,FINAL-VAL-033,nram-scheduler-b2d2754ecc5e4626b48b58cf9944b8d9,1e2cc745843a13cba0bb940a5a13706c50ca2cb863c9b9c03ce9f8c8c2ba37bb,1,0,,,0,False,0,0,0,False
2026-07-28T03:42:23.900296045Z,FINAL-VAL-034,nram-scheduler-a4ac47412e3d43c1b211cb40f87de8b1,1e2cc745843a13cba0bb940a5a13706c50ca2cb863c9b9c03ce9f8c8c2ba37bb,1,0,,,0,False,0,0,0,False
2026-07-28T03:42:23.994800726Z,FINAL-VAL-038,nram-scheduler-4c75c763fbfc46f99741c427a5286586,1e2cc745843a13cba0bb940a5a13706c50ca2cb863c9b9c03ce9f8c8c2ba37bb,1,0,,,0,False,0,0,0,False
2026-07-28T03:42:24.047097785Z,FINAL-VAL-039,nram-scheduler-148d180e4cc94e15aafe8fd174b720b7,1e2cc745843a13cba0bb940a5a13706c50ca2cb863c9b9c03ce9f8c8c2ba37bb,1,0,,,0,False,0,0,0,False
2026-07-28T03:42:24.156130568Z,FINAL-VAL-043,nram-scheduler-6d1f82c3b76848c0bd30e0e6522701d4,1e2cc745843a13cba0bb940a5a13706c50ca2cb863c9b9c03ce9f8c8c2ba37bb,1,0,,,0,False,0,0,0,False
2026-07-28T03:42:24.193226990Z,FINAL-VAL-044,nram-scheduler-ae5787fd78cf440c8a4d9bc1e9d80f69,1e2cc745843a13cba0bb940a5a13706c50ca2cb863c9b9c03ce9f8c8c2ba37bb,1,0,,,0,False,0,0,0,False
2026-07-28T03:42:28.129768942Z,FINAL-VAL-048,nram-scheduler-61764907db7f4653bd3905c7d0ec0cd5,1e2cc745843a13cba0bb940a5a13706c50ca2cb863c9b9c03ce9f8c8c2ba37bb,1,0,,,0,False,0,0,0,False
2026-07-28T03:42:28.210004271Z,FINAL-VAL-049,nram-scheduler-a6085b54fe3e487db91d4f900e8d0839,1e2cc745843a13cba0bb940a5a13706c50ca2cb863c9b9c03ce9f8c8c2ba37bb,1,0,,,0,False,0,0,0,False
2026-07-28T03:42:28.268551909Z,FINAL-VAL-053,nram-scheduler-03fdbe124a4246329bbc42f4d76eec6c,1e2cc745843a13cba0bb940a5a13706c50ca2cb863c9b9c03ce9f8c8c2ba37bb,1,0,,,0,False,0,0,0,False
2026-07-28T03:42:28.326499525Z,FINAL-VAL-054,nram-scheduler-f623a278fcdc4e4798f31d1b8fcb8346,1e2cc745843a13cba0bb940a5a13706c50ca2cb863c9b9c03ce9f8c8c2ba37bb,1,0,,,0,False,0,0,0,False
2026-07-28T03:42:28.420467752Z,FINAL-VAL-058,nram-scheduler-515c19faabaf4c6495ee1f8157f448c4,1e2cc745843a13cba0bb940a5a13706c50ca2cb863c9b9c03ce9f8c8c2ba37bb,1,0,,,0,False,0,0,0,False
2026-07-28T03:42:28.469446263Z,FINAL-VAL-059,nram-scheduler-c22fcb905ef14ba78afcb802580c2c3f,1e2cc745843a13cba0bb940a5a13706c50ca2cb863c9b9c03ce9f8c8c2ba37bb,1,0,,,0,False,0,0,0,False
2026-07-28T03:42:28.549382157Z,FINAL-VAL-063,nram-scheduler-10166dc499b14976aceb459105517c5e,1e2cc745843a13cba0bb940a5a13706c50ca2cb863c9b9c03ce9f8c8c2ba37bb,1,0,,,0,False,0,0,0,False
2026-07-28T03:42:28.597287761Z,FINAL-VAL-064,nram-scheduler-03935914f4a64724b88021f55e2cc1e3,1e2cc745843a13cba0bb940a5a13706c50ca2cb863c9b9c03ce9f8c8c2ba37bb,1,0,,,0,False,0,0,0,False
2026-07-28T03:42:28.675524974Z,FINAL-VAL-068,nram-scheduler-f87d8bb1823d415db0f4aeddfb63e294,1e2cc745843a13cba0bb940a5a13706c50ca2cb863c9b9c03ce9f8c8c2ba37bb,1,0,,,0,False,0,0,0,False
2026-07-28T03:42:28.722097218Z,FINAL-VAL-069,nram-scheduler-697109a761d5483086001684caf3de49,1e2cc745843a13cba0bb940a5a13706c50ca2cb863c9b9c03ce9f8c8c2ba37bb,1,0,,,0,False,0,0,0,False
2026-07-28T03:42:28.775377821Z,FINAL-VAL-073,nram-scheduler-3841cc6e4d194631b3b19cf5851ec719,1e2cc745843a13cba0bb940a5a13706c50ca2cb863c9b9c03ce9f8c8c2ba37bb,1,0,,,0,False,0,0,0,False
2026-07-28T03:42:28.819153748Z,FINAL-VAL-074,nram-scheduler-c3d36b83286148eba7fa220399b30163,1e2cc745843a13cba0bb940a5a13706c50ca2cb863c9b9c03ce9f8c8c2ba37bb,1,0,,,0,False,0,0,0,False
2026-07-28T03:42:28.901537030Z,FINAL-VAL-078,nram-scheduler-01150938eec741fe994468d099f2cac4,1e2cc745843a13cba0bb940a5a13706c50ca2cb863c9b9c03ce9f8c8c2ba37bb,1,0,,,0,False,0,0,0,False
2026-07-28T03:42:28.958020338Z,FINAL-VAL-079,nram-scheduler-dc099327657b44349511a7fa7f4bc9e9,1e2cc745843a13cba0bb940a5a13706c50ca2cb863c9b9c03ce9f8c8c2ba37bb,1,0,,,0,False,0,0,0,False
2026-07-28T03:42:29.022882946Z,FINAL-VAL-083,nram-scheduler-0a8a41a3c1d94ee8a928973e755bf4fd,1e2cc745843a13cba0bb940a5a13706c50ca2cb863c9b9c03ce9f8c8c2ba37bb,1,0,,,0,False,0,0,0,False
2026-07-28T03:42:29.066880134Z,FINAL-VAL-084,nram-scheduler-f86a7bed9be048e893a40695e4890481,1e2cc745843a13cba0bb940a5a13706c50ca2cb863c9b9c03ce9f8c8c2ba37bb,1,0,,,0,False,0,0,0,False
2026-07-28T03:42:29.133568009Z,FINAL-VAL-088,nram-scheduler-5715b695e32f4129bb70f315cb17cdc5,1e2cc745843a13cba0bb940a5a13706c50ca2cb863c9b9c03ce9f8c8c2ba37bb,1,0,,,0,False,0,0,0,False
2026-07-28T03:42:29.177473221Z,FINAL-VAL-089,nram-scheduler-4cb11aa812094761a6da0ac53ce68efd,1e2cc745843a13cba0bb940a5a13706c50ca2cb863c9b9c03ce9f8c8c2ba37bb,1,0,,,0,False,0,0,0,False
2026-07-28T03:42:29.247617536Z,FINAL-VAL-093,nram-scheduler-2a3f66c55d1942f28d798f938414ec03,1e2cc745843a13cba0bb940a5a13706c50ca2cb863c9b9c03ce9f8c8c2ba37bb,1,0,,,0,False,0,0,0,False
2026-07-28T03:42:29.289626937Z,FINAL-VAL-094,nram-scheduler-64ee9d7266e54355a1e84d4bcaf082c8,1e2cc745843a13cba0bb940a5a13706c50ca2cb863c9b9c03ce9f8c8c2ba37bb,1,0,,,0,False,0,0,0,False
2026-07-28T03:42:33.053512320Z,FINAL-VAL-098,nram-scheduler-fe5d7136e2fb4e639822be640001a910,1e2cc745843a13cba0bb940a5a13706c50ca2cb863c9b9c03ce9f8c8c2ba37bb,1,0,,,0,False,0,0,0,False
2026-07-28T03:42:33.116057842Z,FINAL-VAL-099,nram-scheduler-cfd891360e2c4414a8b565e872f7d4b3,1e2cc745843a13cba0bb940a5a13706c50ca2cb863c9b9c03ce9f8c8c2ba37bb,1,0,,,0,False,0,0,0,False
2026-07-28T03:42:33.203147246Z,FINAL-VAL-103,nram-scheduler-06ed06665dbe47e689c893b2a5168e6b,1e2cc745843a13cba0bb940a5a13706c50ca2cb863c9b9c03ce9f8c8c2ba37bb,1,0,,,0,False,0,0,0,False
2026-07-28T03:42:33.270575632Z,FINAL-VAL-104,nram-scheduler-4b631a832ba641a4acd45a1ffa48d3c3,1e2cc745843a13cba0bb940a5a13706c50ca2cb863c9b9c03ce9f8c8c2ba37bb,1,0,,,0,False,0,0,0,False
2026-07-28T03:42:33.333607313Z,FINAL-VAL-108,nram-scheduler-8602b1222fe448ad9f0bf5cec793d21a,1e2cc745843a13cba0bb940a5a13706c50ca2cb863c9b9c03ce9f8c8c2ba37bb,1,0,,,0,False,0,0,0,False
2026-07-28T03:42:33.386947016Z,FINAL-VAL-109,nram-scheduler-c5880e8c250a474488f0ec85c8909fc7,1e2cc745843a13cba0bb940a5a13706c50ca2cb863c9b9c03ce9f8c8c2ba37bb,1,0,,,0,False,0,0,0,False
2026-07-28T03:42:33.469765769Z,FINAL-VAL-113,nram-scheduler-fe96b26596f74972a7d3e10e48f79046,1e2cc745843a13cba0bb940a5a13706c50ca2cb863c9b9c03ce9f8c8c2ba37bb,1,0,,,0,False,0,0,0,False
2026-07-28T03:42:33.543437143Z,FINAL-VAL-114,nram-scheduler-5f41113d75c34fa39aa28f07a44c83fb,1e2cc745843a13cba0bb940a5a13706c50ca2cb863c9b9c03ce9f8c8c2ba37bb,1,0,,,0,False,0,0,0,False
2026-07-28T03:42:33.613429033Z,FINAL-VAL-118,nram-scheduler-5a2909a3e003437999d6829d5404bed1,1e2cc745843a13cba0bb940a5a13706c50ca2cb863c9b9c03ce9f8c8c2ba37bb,1,0,,,0,False,0,0,0,False
2026-07-28T03:42:33.699943580Z,FINAL-VAL-123,nram-scheduler-3359d095fce34147afdc28bbc1506a60,1e2cc745843a13cba0bb940a5a13706c50ca2cb863c9b9c03ce9f8c8c2ba37bb,1,0,,,0,False,0,0,0,False
2026-07-28T03:42:33.756315941Z,FINAL-VAL-128,nram-scheduler-1c72f39256394b9d9f672eb82afe0442,1e2cc745843a13cba0bb940a5a13706c50ca2cb863c9b9c03ce9f8c8c2ba37bb,1,0,,,0,False,0,0,0,False
2026-07-28T03:42:33.823124244Z,FINAL-VAL-129,nram-scheduler-6258078a1fb44157a6cf476d9cee406a,1e2cc745843a13cba0bb940a5a13706c50ca2cb863c9b9c03ce9f8c8c2ba37bb,1,0,,,0,False,0,0,0,False
2026-07-28T03:42:33.930716793Z,FINAL-VAL-133,nram-scheduler-6f955aa211ae4d3dac8a44db4a3b0d03,1e2cc745843a13cba0bb940a5a13706c50ca2cb863c9b9c03ce9f8c8c2ba37bb,1,0,,,0,False,0,0,0,False
2026-07-28T03:42:33.993403861Z,FINAL-VAL-134,nram-scheduler-ecb01018240a45d7a17db3d4c5401fcc,1e2cc745843a13cba0bb940a5a13706c50ca2cb863c9b9c03ce9f8c8c2ba37bb,1,0,,,0,False,0,0,0,False
2026-07-28T03:42:34.046852859Z,FINAL-VAL-138,nram-scheduler-993c604769944adf885f2b43809bb8e9,1e2cc745843a13cba0bb940a5a13706c50ca2cb863c9b9c03ce9f8c8c2ba37bb,1,0,,,0,False,0,0,0,False
2026-07-28T03:42:34.093420555Z,FINAL-VAL-139,nram-scheduler-fa4ebcc948f646a3903ab0cee40a32ba,1e2cc745843a13cba0bb940a5a13706c50ca2cb863c9b9c03ce9f8c8c2ba37bb,1,0,,,0,False,0,0,0,False
2026-07-28T03:42:34.145936172Z,FINAL-VAL-143,nram-scheduler-c044819f6a1442958533c2e8384fde1d,1e2cc745843a13cba0bb940a5a13706c50ca2cb863c9b9c03ce9f8c8c2ba37bb,1,0,,,0,False,0,0,0,False
2026-07-28T03:42:37.864444231Z,FINAL-VAL-144,nram-scheduler-c1d9fb1052994e7e8e279da1f857c0de,1e2cc745843a13cba0bb940a5a13706c50ca2cb863c9b9c03ce9f8c8c2ba37bb,1,0,,,0,False,0,0,0,False
2026-07-28T03:42:37.961230094Z,FINAL-VAL-148,nram-scheduler-8e7aef91d74b4bcdb11af57212784399,1e2cc745843a13cba0bb940a5a13706c50ca2cb863c9b9c03ce9f8c8c2ba37bb,1,0,,,0,False,0,0,0,False
2026-07-28T03:42:38.019138222Z,FINAL-VAL-149,nram-scheduler-2f47a60e935a4d64a084ab7e67515a90,1e2cc745843a13cba0bb940a5a13706c50ca2cb863c9b9c03ce9f8c8c2ba37bb,1,0,,,0,False,0,0,0,False
2026-07-28T03:42:38.081879072Z,FINAL-VAL-153,nram-scheduler-f50aae08721846bc9e5e4afbd4c8136f,36e6a9913c945f797a5f4c6c44d67f416ac592ac08c805607a7fffefee37244a,1,0,,,0,False,0,0,0,False
2026-07-28T03:42:38.160794319Z,FINAL-VAL-154,nram-scheduler-d04ca7c658ad4aaba35a0c41c49ad17a,9b8dc4ad843e51d3b8d43d717df793a666654637d79188f494b793d6c33dfce2,1,0,,,0,False,0,0,0,False
2026-07-28T03:42:38.215297792Z,FINAL-VAL-158,nram-scheduler-51689287c2f24768a563efcb5f840cc8,35369c4d3ce8dafe8515a426b7e8d9c68af7736ce43f7b31441dcc219d4299ec,1,0,,,0,False,0,0,0,False
2026-07-28T03:42:38.274997096Z,FINAL-VAL-159,nram-scheduler-55daad7395b446dfae984ff5c11c58b4,35a7674a8d25bcceb44ab7bbd4a41f18fd6e8d8005504f0bcd22031f18da7bb9,1,0,,,0,False,0,0,0,False
2026-07-28T03:42:38.382770336Z,FINAL-VAL-163,nram-scheduler-a10ebddee5a4429e8559e7ba4b763fbf,96dfe4f84029c7403dfefecdea82e7cecf10bd035579b37ec837f821579f4f7a,1,0,,,0,False,0,0,0,False
2026-07-28T03:42:38.430595791Z,FINAL-VAL-164,nram-scheduler-4b5bd694e7a84a6a9588d90d1b5a982e,896086e4798697bef9070fbd4709371af30e6dc433012eb8f7c6dd060788ebe6,1,0,,,0,False,0,0,0,False
2026-07-28T03:42:38.483473440Z,FINAL-VAL-168,nram-scheduler-6daa044511294a21b2831afdf154a1d4,475bdbdb4a64301d6883c4d36c7a3df460fd9245b5ff1a5c10e00990f13494a8,1,0,,,0,False,0,0,0,False
2026-07-28T03:42:38.542022697Z,FINAL-VAL-169,nram-scheduler-7c5927986f604ecb9bd07198f74ae59b,5a82eaa37b9ea4be34b5c500bfcc13b0032bc3ae13baf17d01a85e9d991a9206,1,0,,,0,False,1,0,0,False
2026-07-28T03:42:38.595304240Z,FINAL-VAL-173,nram-scheduler-e40d04535f894ab08b63f970b5e5ad1a,11a05602295dab321fee189c114827397fda411e39415f9698ffb3f5ba478098,1,0,,,0,False,0,0,0,False
2026-07-28T03:42:38.641591124Z,FINAL-VAL-174,nram-scheduler-adca7ed092444cd6be1474b27328f85e,de876162b7fd055ad5549f5c4401da8ae46f12e8ab9c03b4287221970873a529,1,0,,,0,False,0,0,0,False
2026-07-28T03:42:38.692255189Z,FINAL-VAL-178,nram-scheduler-6c6e708e7a9b4657900291812540e468,a8ea9ff68f60ce6235e5bf02cc4053889da989c0d9b9eeea1be22a127cf01285,1,0,,,0,False,0,0,0,False
2026-07-28T03:42:38.750414693Z,FINAL-VAL-179,nram-scheduler-d54340f8ef0945c5b5e086e55e0bf505,8fdba20a282f47ae47afc53aec3783eda099626fb03ad87fc68afc2809e62e7d,1,0,,,0,False,1,0,0,False
2026-07-28T03:42:38.842262670Z,FINAL-VAL-183,nram-scheduler-c784ec12507a46c0b52e5c06d95b5ec7,77b5c3dbb4967a221b4cb745dec85b4833ff903bfe41bda4d660d2beb4deb18a,1,0,,,0,False,0,0,0,False
2026-07-28T03:42:38.885751071Z,FINAL-VAL-184,nram-scheduler-cf2ed9f95ecc4c35b40a255ee6abe03e,5b77c37a8a144f96b05bf9f1bc94b0af6628307291c34c411f22374cbb32c468,1,0,,,0,False,0,0,0,False
2026-07-28T03:42:38.937315157Z,FINAL-VAL-188,nram-scheduler-a18be8bfd10b4f3784a5bfb57a9745e2,538040e7d3edb057b34a4ae8be2198eba134f3369dd4bf386a4da37af5432b7f,1,0,,,0,False,0,0,0,False
2026-07-28T03:42:38.997483337Z,FINAL-VAL-189,nram-scheduler-cb38c5dc08554d2ea076a6f6de02259d,0227ff6c47b7e11c2b5de7a27d77a73fc1ed56e03ad080dfaf0d275747a7a8cf,1,0,,,0,False,0,0,0,False
2026-07-28T03:42:42.071225253Z,FINAL-VAL-193,nram-scheduler-e4b0f9bcb94b450081088fe9999a19bc,bc416066ede9555d885bbfbf4d8334188d4f249d9ed94b0a78dee93e3c84dd1a,1,0,,,0,False,0,0,0,False
2026-07-28T03:42:42.154568674Z,FINAL-VAL-194,nram-scheduler-bfd1b1f24243498894d6068160a4c3af,1d89eecae360b5bf7784dca80a663606679ef07c9508c865af06d939ecc9fc44,1,0,,,0,False,0,0,0,False
2026-07-28T03:42:42.246162183Z,FINAL-VAL-198,nram-scheduler-1d0f655a38e946949ec0b84de4a634ca,f28288e21b5c91b5c6198cdc9265eb54b3b0092f537757cb47f9bdb587c3a660,1,0,,,0,False,1,1,0,False
2026-07-28T03:42:42.304322265Z,FINAL-VAL-199,nram-scheduler-53b1e4ee9b8542a295b85f7428a0ac62,1f4ef5fe815551a18ca590ed48de9cc818844981707fe585da2cc11a11e5d313,1,0,,,0,False,1,1,0,False
2026-07-28T03:42:42.369149324Z,FINAL-VAL-203,nram-scheduler-2f4ef540abe24a6da25dd66491ba5c92,fdb48a38b5ca9ca21cf174df38d7e150e9bf72247217a75e2f3e9ea41fb9c48b,1,0,,,0,False,1,0,1,False
2026-07-28T03:42:42.425945348Z,FINAL-VAL-204,nram-scheduler-4177eb7e57ee4a0983bc193fa8ee5935,d699fa06037cb0fb5616c5343d8deb4b54ba72d5eb5b5d74a205b3d27f2b1f05,1,0,,,0,False,1,0,1,False
2026-07-28T03:42:42.486461043Z,FINAL-VAL-208,nram-scheduler-36c5486f22524db392e197db119258b0,7452f066a066f0b62cc7a39ac1cd697872521f3beb12b2c8cfe4d3a75e327bc3,1,0,,,0,False,1,0,1,False
2026-07-28T03:42:42.540330518Z,FINAL-VAL-209,nram-scheduler-911c09f7849749f29c69cfbdd8359088,a484bb914c67a08ee49befaadfbec637c4b6455cc8c2a121805ef91951971114,1,0,,,0,False,1,0,1,False
2026-07-28T03:43:20.789763362Z,FINAL-CANCEL-ORDINARY,nram-scheduler-595138154f304a1cbda35637879cb056,a74f92e7d85b824ef504dbc94444a210ae6df8a119143dd0d1c13a468a8ca990,1,0,9702,9702,151935,False,1,0,0,False
2026-07-28T03:43:20.813449749Z,FINAL-CANCEL-ORDINARY,nram-scheduler-595138154f304a1cbda35637879cb056,a74f92e7d85b824ef504dbc94444a210ae6df8a119143dd0d1c13a468a8ca990,2,1,9702,9702,151935,False,1,0,0,False
2026-07-28T03:43:20.839497876Z,FINAL-CANCEL-ORDINARY,nram-scheduler-595138154f304a1cbda35637879cb056,a74f92e7d85b824ef504dbc94444a210ae6df8a119143dd0d1c13a468a8ca990,3,2,9702,9702,151935,False,1,0,0,False
2026-07-28T03:43:24.494062233Z,FINAL-CANCEL-PERSONA,nram-scheduler-65d09862393647d1b4e27a0b24927194,5fe6221e4f32fdbcf6dfaed4473f93fe44568cbe5c1f8b8ba5a5426052bcaf33,1,0,9702,9702,151935,False,1,0,0,False
2026-07-28T03:43:24.531804725Z,FINAL-CANCEL-PERSONA,nram-scheduler-65d09862393647d1b4e27a0b24927194,5fe6221e4f32fdbcf6dfaed4473f93fe44568cbe5c1f8b8ba5a5426052bcaf33,2,1,9702,9702,151935,False,1,0,0,False
2026-07-28T03:43:24.570461691Z,FINAL-CANCEL-PERSONA,nram-scheduler-65d09862393647d1b4e27a0b24927194,5fe6221e4f32fdbcf6dfaed4473f93fe44568cbe5c1f8b8ba5a5426052bcaf33,3,2,9702,9702,151935,False,1,0,0,False
2026-07-28T03:43:28.410203380Z,FINAL-CANCEL-NONSTREAM,nram-scheduler-231167a1f9b0403f9a899e6d4caa69f3,e7217940c0304f2602bb8328eef9e8d5d5ca083561cd4ecda77409731688d002,1,0,9702,9702,151935,False,1,0,0,False
2026-07-28T03:43:28.434462227Z,FINAL-CANCEL-NONSTREAM,nram-scheduler-231167a1f9b0403f9a899e6d4caa69f3,e7217940c0304f2602bb8328eef9e8d5d5ca083561cd4ecda77409731688d002,2,1,9702,9702,151935,False,1,0,0,False
2026-07-28T03:43:28.462528070Z,FINAL-CANCEL-RETRY,nram-scheduler-3dba73489ebe4eb9a2cfcd2da19158ec,a45af0eb46aa2b0294f9a7bab6c62d8cd6bd4e735aff1b136e295ddcdc8abfc1,1,0,9702,9702,151935,False,1,0,0,False
2026-07-28T03:43:32.377594516Z,FINAL-CANCEL-NORMAL,nram-scheduler-4971fa39a74d40dd8e9c91e073939072,a45af0eb46aa2b0294f9a7bab6c62d8cd6bd4e735aff1b136e295ddcdc8abfc1,1,0,9702,9702,151935,False,1,0,0,False
2026-07-28T03:44:06.003398279Z,gpu-forced-393a3c2b14414661ae72c1da915193c3-disabled,nram-scheduler-5a3f590c72ed434083417c2b7a2cc87c,47c29c2ef6732deccdbe9d79e00fa1e82cb85f1fc4ffef7a131f7f4fbbbf41ee,1,0,,,2,False,47,0,0,False
2026-07-28T03:44:06.065574344Z,gpu-forced-393a3c2b14414661ae72c1da915193c3,nram-scheduler-05ecaebc2bed460196f903b21f0ce58c,90244e7211f6dd4fba29ded0b7e67ee25d237bd322835b3ac4cbf002c777c976,1,0,11064,11064,151935,False,56,0,0,False
2026-07-28T03:44:11.807062263Z,entropy-ec74e6362ea54e46ad673b652b884f96-low,nram-scheduler-a29c873400584a64af3152bbfaea77ad,8e51997e37d9124d4efb3064f4d56c49204c223de1a41d9b2f96017bd978d63d,1,0,,,2,False,52,0,0,True
2026-07-28T03:44:12.087958668Z,entropy-ec74e6362ea54e46ad673b652b884f96-medium,nram-scheduler-4a80c45852974ffc80ff655c01d2b0aa,673378859b13b49647c835930ad8a41d38fc96404f75ef8f821401a2f852f4dd,1,0,,,2,False,52,0,0,True
2026-07-28T03:44:12.443497098Z,entropy-ec74e6362ea54e46ad673b652b884f96-high,nram-scheduler-4888635cef7c4869b666dcce3e76b5cd,9e40ef4f7cfdc4480c075281be856610d793d5339434bb9496214b7078799976,1,0,,,2,False,52,0,0,True
2026-07-28T03:44:12.771679443Z,entropy-ec74e6362ea54e46ad673b652b884f96-medium-reset,nram-scheduler-146136d15c2c42cca3156d28fcdffc9c,673378859b13b49647c835930ad8a41d38fc96404f75ef8f821401a2f852f4dd,1,0,,,2,False,52,0,0,True
2026-07-28T03:44:13.083615960Z,entropy-ec74e6362ea54e46ad673b652b884f96-fixed-temperature,nram-scheduler-9832578a398c442c86d48a50b144b971,fc1d349ba7f8d6726c873e18a1d6f54be9b9db12c1bb3171f3d5e011823eb826,1,0,,,2,False,47,0,0,False
2026-07-28T03:44:17.804783375Z,logits-6bc18ded477545918b84bd9c543cdf39,nram-scheduler-365f653ae1e744b9b27b68ab06a0dfcc,109e61b0ce389185333793d3baf49e3832db44deef1c7546b78b398547afc333,1,0,,,2,False,49,1,2,False
2026-07-28T03:44:17.977630622Z,logits-6bc18ded477545918b84bd9c543cdf39,nram-scheduler-365f653ae1e744b9b27b68ab06a0dfcc,109e61b0ce389185333793d3baf49e3832db44deef1c7546b78b398547afc333,2,1,,,2,False,54,0,2,False
2026-07-28T03:44:19.683461592Z,phrase-a8c1a6ac00a24982928e6759cf645d16-disabled,nram-scheduler-5e2f122cf330410d94755ba84f2c5cfb,b5752a6914a048728bd4ec76810543272566e943b20ce51accc1116a51792d98,1,0,36813,36813,151935,False,56,0,0,False
2026-07-28T03:44:19.716980246Z,phrase-a8c1a6ac00a24982928e6759cf645d16-disabled,nram-scheduler-5e2f122cf330410d94755ba84f2c5cfb,b5752a6914a048728bd4ec76810543272566e943b20ce51accc1116a51792d98,2,1,34074,34074,151935,False,56,0,0,False
2026-07-28T03:44:20.016369634Z,phrase-a8c1a6ac00a24982928e6759cf645d16-enabled,nram-scheduler-9b6e312d6348492bbea2327c7e650497,5636bd7891b7f1278cdf1a9f0251824066a1d389bf56d45e2429cb982dac4178,1,0,36813,36813,151935,False,56,0,0,False
2026-07-28T03:44:20.058227497Z,phrase-a8c1a6ac00a24982928e6759cf645d16-enabled,nram-scheduler-9b6e312d6348492bbea2327c7e650497,5636bd7891b7f1278cdf1a9f0251824066a1d389bf56d45e2429cb982dac4178,2,1,34074,,3,True,48,0,0,False
2026-07-28T03:44:21.737423292Z,phrase-dd9822ad98b44c3fbe70a54e0f65bfc5-disabled,nram-scheduler-61111a2acf4441e8b299fc09ba46577c,aa24722cefb135a40beccacb65c1d1c2561601f188063b2c9fcb21cf4942c54c,1,0,50315,50315,151935,False,56,0,0,False
2026-07-28T03:44:21.787957293Z,phrase-dd9822ad98b44c3fbe70a54e0f65bfc5-disabled,nram-scheduler-61111a2acf4441e8b299fc09ba46577c,aa24722cefb135a40beccacb65c1d1c2561601f188063b2c9fcb21cf4942c54c,2,1,1953,1953,151935,False,55,0,0,False
2026-07-28T03:44:21.840721495Z,phrase-dd9822ad98b44c3fbe70a54e0f65bfc5-disabled,nram-scheduler-61111a2acf4441e8b299fc09ba46577c,aa24722cefb135a40beccacb65c1d1c2561601f188063b2c9fcb21cf4942c54c,3,2,49126,49126,151935,False,55,0,0,False
2026-07-28T03:44:21.890559876Z,phrase-dd9822ad98b44c3fbe70a54e0f65bfc5-disabled,nram-scheduler-61111a2acf4441e8b299fc09ba46577c,aa24722cefb135a40beccacb65c1d1c2561601f188063b2c9fcb21cf4942c54c,4,3,19622,19622,151935,False,55,0,0,False
2026-07-28T03:44:21.936198729Z,phrase-dd9822ad98b44c3fbe70a54e0f65bfc5-disabled,nram-scheduler-61111a2acf4441e8b299fc09ba46577c,aa24722cefb135a40beccacb65c1d1c2561601f188063b2c9fcb21cf4942c54c,5,4,1508,1508,151935,False,56,0,0,False
2026-07-28T03:44:21.980415303Z,phrase-dd9822ad98b44c3fbe70a54e0f65bfc5-disabled,nram-scheduler-61111a2acf4441e8b299fc09ba46577c,aa24722cefb135a40beccacb65c1d1c2561601f188063b2c9fcb21cf4942c54c,6,5,89,89,151935,False,56,0,0,False
2026-07-28T03:44:22.022150284Z,phrase-dd9822ad98b44c3fbe70a54e0f65bfc5-disabled,nram-scheduler-61111a2acf4441e8b299fc09ba46577c,aa24722cefb135a40beccacb65c1d1c2561601f188063b2c9fcb21cf4942c54c,7,6,269,269,151935,False,55,0,0,False
2026-07-28T03:44:22.326933237Z,phrase-dd9822ad98b44c3fbe70a54e0f65bfc5-enabled,nram-scheduler-a76355adedb74e5c8f9c576c9dcf3c70,bacb2f03347291ef66cbddeb3924396dd92d1ef1872053e7e09000d539dd9e4d,1,0,50315,50315,151935,False,56,0,0,False
2026-07-28T03:44:22.372947076Z,phrase-dd9822ad98b44c3fbe70a54e0f65bfc5-enabled,nram-scheduler-a76355adedb74e5c8f9c576c9dcf3c70,bacb2f03347291ef66cbddeb3924396dd92d1ef1872053e7e09000d539dd9e4d,2,1,1953,1953,151935,False,55,0,0,False
2026-07-28T03:44:22.415363654Z,phrase-dd9822ad98b44c3fbe70a54e0f65bfc5-enabled,nram-scheduler-a76355adedb74e5c8f9c576c9dcf3c70,bacb2f03347291ef66cbddeb3924396dd92d1ef1872053e7e09000d539dd9e4d,3,2,49126,49126,151935,False,55,0,0,False
2026-07-28T03:44:22.458495450Z,phrase-dd9822ad98b44c3fbe70a54e0f65bfc5-enabled,nram-scheduler-a76355adedb74e5c8f9c576c9dcf3c70,bacb2f03347291ef66cbddeb3924396dd92d1ef1872053e7e09000d539dd9e4d,4,3,19622,19622,151935,False,55,0,0,False
2026-07-28T03:44:22.508570004Z,phrase-dd9822ad98b44c3fbe70a54e0f65bfc5-enabled,nram-scheduler-a76355adedb74e5c8f9c576c9dcf3c70,bacb2f03347291ef66cbddeb3924396dd92d1ef1872053e7e09000d539dd9e4d,5,4,1508,1508,151935,False,56,0,0,False
2026-07-28T03:44:22.555515888Z,phrase-dd9822ad98b44c3fbe70a54e0f65bfc5-enabled,nram-scheduler-a76355adedb74e5c8f9c576c9dcf3c70,bacb2f03347291ef66cbddeb3924396dd92d1ef1872053e7e09000d539dd9e4d,6,5,89,89,151935,False,56,0,0,False
2026-07-28T03:44:22.601430096Z,phrase-dd9822ad98b44c3fbe70a54e0f65bfc5-enabled,nram-scheduler-a76355adedb74e5c8f9c576c9dcf3c70,bacb2f03347291ef66cbddeb3924396dd92d1ef1872053e7e09000d539dd9e4d,7,6,269,,3,True,48,0,0,False
2026-07-28T03:44:24.300725805Z,source-e9308ea2396041cc8a982f7fa8dfd332-disabled,nram-scheduler-9429995f08d94a718860301cdacddbc3,478d808b34bbde843fb0ba33df5be1eda17808324b2c14c62b579d1215e4f2c6,1,0,362,362,151935,False,56,0,0,False
2026-07-28T03:44:24.342675588Z,source-e9308ea2396041cc8a982f7fa8dfd332-disabled,nram-scheduler-9429995f08d94a718860301cdacddbc3,478d808b34bbde843fb0ba33df5be1eda17808324b2c14c62b579d1215e4f2c6,2,1,23560,23560,151935,False,56,0,0,False
2026-07-28T03:44:24.385685955Z,source-e9308ea2396041cc8a982f7fa8dfd332-disabled,nram-scheduler-9429995f08d94a718860301cdacddbc3,478d808b34bbde843fb0ba33df5be1eda17808324b2c14c62b579d1215e4f2c6,3,2,2530,2530,151935,False,56,0,0,False
2026-07-28T03:44:24.427471482Z,source-e9308ea2396041cc8a982f7fa8dfd332-disabled,nram-scheduler-9429995f08d94a718860301cdacddbc3,478d808b34bbde843fb0ba33df5be1eda17808324b2c14c62b579d1215e4f2c6,4,3,41171,41171,151935,False,56,0,0,False
2026-07-28T03:44:24.469069116Z,source-e9308ea2396041cc8a982f7fa8dfd332-disabled,nram-scheduler-9429995f08d94a718860301cdacddbc3,478d808b34bbde843fb0ba33df5be1eda17808324b2c14c62b579d1215e4f2c6,5,4,49435,49435,151935,False,56,0,0,False
2026-07-28T03:44:24.514195109Z,source-e9308ea2396041cc8a982f7fa8dfd332-disabled,nram-scheduler-9429995f08d94a718860301cdacddbc3,478d808b34bbde843fb0ba33df5be1eda17808324b2c14c62b579d1215e4f2c6,6,5,8063,8063,151935,False,56,0,0,False
2026-07-28T03:44:24.560531838Z,source-e9308ea2396041cc8a982f7fa8dfd332-disabled,nram-scheduler-9429995f08d94a718860301cdacddbc3,478d808b34bbde843fb0ba33df5be1eda17808324b2c14c62b579d1215e4f2c6,7,6,12460,12460,151935,False,55,0,0,False
2026-07-28T03:44:24.602184567Z,source-e9308ea2396041cc8a982f7fa8dfd332-disabled,nram-scheduler-9429995f08d94a718860301cdacddbc3,478d808b34bbde843fb0ba33df5be1eda17808324b2c14c62b579d1215e4f2c6,8,7,3950,3950,151935,False,56,0,0,False
2026-07-28T03:44:24.895977924Z,source-e9308ea2396041cc8a982f7fa8dfd332-enabled,nram-scheduler-36155211062a433c8158a04d382d67a6,58fe8e4e2aea4dc13a70a252d580dfd9ee927375e0a7dacb9be93c8ff9ccfd94,1,0,362,362,151935,False,56,0,0,False
2026-07-28T03:44:24.935914120Z,source-e9308ea2396041cc8a982f7fa8dfd332-enabled,nram-scheduler-36155211062a433c8158a04d382d67a6,58fe8e4e2aea4dc13a70a252d580dfd9ee927375e0a7dacb9be93c8ff9ccfd94,2,1,23560,23560,151935,False,56,0,0,False
2026-07-28T03:44:24.977253526Z,source-e9308ea2396041cc8a982f7fa8dfd332-enabled,nram-scheduler-36155211062a433c8158a04d382d67a6,58fe8e4e2aea4dc13a70a252d580dfd9ee927375e0a7dacb9be93c8ff9ccfd94,3,2,2530,2530,151935,False,56,0,0,False
2026-07-28T03:44:25.017825596Z,source-e9308ea2396041cc8a982f7fa8dfd332-enabled,nram-scheduler-36155211062a433c8158a04d382d67a6,58fe8e4e2aea4dc13a70a252d580dfd9ee927375e0a7dacb9be93c8ff9ccfd94,4,3,41171,41171,151935,False,56,0,0,False
2026-07-28T03:44:25.057607137Z,source-e9308ea2396041cc8a982f7fa8dfd332-enabled,nram-scheduler-36155211062a433c8158a04d382d67a6,58fe8e4e2aea4dc13a70a252d580dfd9ee927375e0a7dacb9be93c8ff9ccfd94,5,4,49435,49435,151935,False,56,0,0,False
2026-07-28T03:44:25.097520520Z,source-e9308ea2396041cc8a982f7fa8dfd332-enabled,nram-scheduler-36155211062a433c8158a04d382d67a6,58fe8e4e2aea4dc13a70a252d580dfd9ee927375e0a7dacb9be93c8ff9ccfd94,6,5,8063,8063,151935,False,56,0,0,False
2026-07-28T03:44:25.138333241Z,source-e9308ea2396041cc8a982f7fa8dfd332-enabled,nram-scheduler-36155211062a433c8158a04d382d67a6,58fe8e4e2aea4dc13a70a252d580dfd9ee927375e0a7dacb9be93c8ff9ccfd94,7,6,12460,12460,151935,False,55,0,0,False
2026-07-28T03:44:25.169141224Z,source-e9308ea2396041cc8a982f7fa8dfd332-enabled,nram-scheduler-36155211062a433c8158a04d382d67a6,58fe8e4e2aea4dc13a70a252d580dfd9ee927375e0a7dacb9be93c8ff9ccfd94,8,7,3950,,3,True,48,0,0,False
2026-07-28T03:44:29.958051391Z,grammar-132414f46a374e25bdeeff16c9628c2d,nram-scheduler-01d362d396834870b6d65afdc7880d90,1547e3362e66c2763918741f4b108d58ac4a0b0fc5820a2611d34453f05782c9,1,0,4913,4913,151935,False,4,0,0,False
2026-07-28T03:44:30.173231023Z,grammar-132414f46a374e25bdeeff16c9628c2d,nram-scheduler-01d362d396834870b6d65afdc7880d90,1547e3362e66c2763918741f4b108d58ac4a0b0fc5820a2611d34453f05782c9,2,1,957,957,151935,False,4,0,0,False
2026-07-28T03:44:30.197637068Z,grammar-132414f46a374e25bdeeff16c9628c2d,nram-scheduler-01d362d396834870b6d65afdc7880d90,1547e3362e66c2763918741f4b108d58ac4a0b0fc5820a2611d34453f05782c9,3,2,3252,3252,151935,False,4,0,0,False
2026-07-28T03:44:30.230044987Z,grammar-132414f46a374e25bdeeff16c9628c2d,nram-scheduler-01d362d396834870b6d65afdc7880d90,1547e3362e66c2763918741f4b108d58ac4a0b0fc5820a2611d34453f05782c9,4,3,1958,1958,151935,False,56,0,0,False
2026-07-28T03:44:30.265396873Z,grammar-132414f46a374e25bdeeff16c9628c2d,nram-scheduler-01d362d396834870b6d65afdc7880d90,1547e3362e66c2763918741f4b108d58ac4a0b0fc5820a2611d34453f05782c9,5,4,22108,22108,151935,False,55,0,0,False
2026-07-28T03:44:30.300657208Z,grammar-132414f46a374e25bdeeff16c9628c2d,nram-scheduler-01d362d396834870b6d65afdc7880d90,1547e3362e66c2763918741f4b108d58ac4a0b0fc5820a2611d34453f05782c9,6,5,34074,,3,True,48,0,0,False
2026-07-28T03:44:30.330613261Z,grammar-132414f46a374e25bdeeff16c9628c2d,nram-scheduler-01d362d396834870b6d65afdc7880d90,1547e3362e66c2763918741f4b108d58ac4a0b0fc5820a2611d34453f05782c9,7,6,9207,,2,True,0,0,0,False
2026-07-28T03:44:32.004809438Z,stream-40869fd305e14636b00586679dfb59a4,nram-scheduler-8308c4e9e8594450a0fbb2d8d319a1e6,2984e10569f3a40e5bcb8eccb5a0cc773e3bcd1529e8665dcaab0b155f25fb10,1,0,36813,36813,151935,False,56,0,0,False
2026-07-28T03:44:32.035997681Z,stream-40869fd305e14636b00586679dfb59a4,nram-scheduler-8308c4e9e8594450a0fbb2d8d319a1e6,2984e10569f3a40e5bcb8eccb5a0cc773e3bcd1529e8665dcaab0b155f25fb10,2,1,34074,,3,True,48,0,0,False
2026-07-28T03:44:59.257671463Z,gpu-forced-84fb0ac589bc4339a2a07269e1eb7cc5-disabled,nram-scheduler-ba59b444e92d4600bb441ad98f4ca0d1,47c29c2ef6732deccdbe9d79e00fa1e82cb85f1fc4ffef7a131f7f4fbbbf41ee,1,0,,,2,False,47,0,0,False
2026-07-28T03:44:59.310740690Z,gpu-forced-84fb0ac589bc4339a2a07269e1eb7cc5,nram-scheduler-e6e9c67d938945ed814245fd9241eb02,90244e7211f6dd4fba29ded0b7e67ee25d237bd322835b3ac4cbf002c777c976,1,0,11064,11064,151935,False,56,0,0,False
2026-07-28T03:45:05.166362920Z,entropy-8fbe71bacc84495c85dd436dc4a071b5-low,nram-scheduler-3c5da9f4665748e3a59c36b18db74ef5,8e51997e37d9124d4efb3064f4d56c49204c223de1a41d9b2f96017bd978d63d,1,0,,,2,False,52,0,0,True
2026-07-28T03:45:05.532770470Z,entropy-8fbe71bacc84495c85dd436dc4a071b5-medium,nram-scheduler-d94af7fa5bd243ff93f35e84ce773094,673378859b13b49647c835930ad8a41d38fc96404f75ef8f821401a2f852f4dd,1,0,,,2,False,52,0,0,True
2026-07-28T03:45:05.851192457Z,entropy-8fbe71bacc84495c85dd436dc4a071b5-high,nram-scheduler-8fee8c4eb4c8413ba8d949b1bd60fbe7,9e40ef4f7cfdc4480c075281be856610d793d5339434bb9496214b7078799976,1,0,,,2,False,52,0,0,True
2026-07-28T03:45:06.231548324Z,entropy-8fbe71bacc84495c85dd436dc4a071b5-medium-reset,nram-scheduler-fadf1bc27df84b45a79ca449568697ea,673378859b13b49647c835930ad8a41d38fc96404f75ef8f821401a2f852f4dd,1,0,,,2,False,52,0,0,True
2026-07-28T03:45:06.569785471Z,entropy-8fbe71bacc84495c85dd436dc4a071b5-fixed-temperature,nram-scheduler-168869b2fd954ad6afbae0920e82e512,fc1d349ba7f8d6726c873e18a1d6f54be9b9db12c1bb3171f3d5e011823eb826,1,0,,,2,False,47,0,0,False
2026-07-28T03:45:11.338118985Z,logits-fb8a786d918149cdb835771a6a3d7029,nram-scheduler-04db0a71ef9d4705b16fe86b36af7dbd,109e61b0ce389185333793d3baf49e3832db44deef1c7546b78b398547afc333,1,0,,,2,False,49,1,2,False
2026-07-28T03:45:11.372226478Z,logits-fb8a786d918149cdb835771a6a3d7029,nram-scheduler-04db0a71ef9d4705b16fe86b36af7dbd,109e61b0ce389185333793d3baf49e3832db44deef1c7546b78b398547afc333,2,1,,,2,False,54,0,2,False
2026-07-28T03:45:13.199782494Z,phrase-438633d4ef9246db8f0e673d9c37d138-disabled,nram-scheduler-d097e5883814408fa464b3ef3094ffc0,b5752a6914a048728bd4ec76810543272566e943b20ce51accc1116a51792d98,1,0,36813,36813,151935,False,56,0,0,False
2026-07-28T03:45:13.249656131Z,phrase-438633d4ef9246db8f0e673d9c37d138-disabled,nram-scheduler-d097e5883814408fa464b3ef3094ffc0,b5752a6914a048728bd4ec76810543272566e943b20ce51accc1116a51792d98,2,1,34074,34074,151935,False,56,0,0,False
2026-07-28T03:45:13.577438471Z,phrase-438633d4ef9246db8f0e673d9c37d138-enabled,nram-scheduler-cf52e52065ac45d28ffa58be1236b5de,5636bd7891b7f1278cdf1a9f0251824066a1d389bf56d45e2429cb982dac4178,1,0,36813,36813,151935,False,56,0,0,False
2026-07-28T03:45:13.624265045Z,phrase-438633d4ef9246db8f0e673d9c37d138-enabled,nram-scheduler-cf52e52065ac45d28ffa58be1236b5de,5636bd7891b7f1278cdf1a9f0251824066a1d389bf56d45e2429cb982dac4178,2,1,34074,,3,True,48,0,0,False
2026-07-28T03:45:15.535504113Z,phrase-86b81585bf2947d582cdffff34e64a9a-disabled,nram-scheduler-01cd30f1d6ca4279975ab6f0b7613eef,aa24722cefb135a40beccacb65c1d1c2561601f188063b2c9fcb21cf4942c54c,1,0,50315,50315,151935,False,56,0,0,False
2026-07-28T03:45:15.597705495Z,phrase-86b81585bf2947d582cdffff34e64a9a-disabled,nram-scheduler-01cd30f1d6ca4279975ab6f0b7613eef,aa24722cefb135a40beccacb65c1d1c2561601f188063b2c9fcb21cf4942c54c,2,1,1953,1953,151935,False,55,0,0,False
2026-07-28T03:45:15.658186484Z,phrase-86b81585bf2947d582cdffff34e64a9a-disabled,nram-scheduler-01cd30f1d6ca4279975ab6f0b7613eef,aa24722cefb135a40beccacb65c1d1c2561601f188063b2c9fcb21cf4942c54c,3,2,49126,49126,151935,False,55,0,0,False
2026-07-28T03:45:15.722460087Z,phrase-86b81585bf2947d582cdffff34e64a9a-disabled,nram-scheduler-01cd30f1d6ca4279975ab6f0b7613eef,aa24722cefb135a40beccacb65c1d1c2561601f188063b2c9fcb21cf4942c54c,4,3,19622,19622,151935,False,55,0,0,False
2026-07-28T03:45:15.772968220Z,phrase-86b81585bf2947d582cdffff34e64a9a-disabled,nram-scheduler-01cd30f1d6ca4279975ab6f0b7613eef,aa24722cefb135a40beccacb65c1d1c2561601f188063b2c9fcb21cf4942c54c,5,4,1508,1508,151935,False,56,0,0,False
2026-07-28T03:45:15.828691422Z,phrase-86b81585bf2947d582cdffff34e64a9a-disabled,nram-scheduler-01cd30f1d6ca4279975ab6f0b7613eef,aa24722cefb135a40beccacb65c1d1c2561601f188063b2c9fcb21cf4942c54c,6,5,89,89,151935,False,56,0,0,False
2026-07-28T03:45:15.878664299Z,phrase-86b81585bf2947d582cdffff34e64a9a-disabled,nram-scheduler-01cd30f1d6ca4279975ab6f0b7613eef,aa24722cefb135a40beccacb65c1d1c2561601f188063b2c9fcb21cf4942c54c,7,6,269,269,151935,False,55,0,0,False
2026-07-28T03:45:16.216952498Z,phrase-86b81585bf2947d582cdffff34e64a9a-enabled,nram-scheduler-dcf9b1ffb16b4ab78e40872fe85e582a,bacb2f03347291ef66cbddeb3924396dd92d1ef1872053e7e09000d539dd9e4d,1,0,50315,50315,151935,False,56,0,0,False
2026-07-28T03:45:16.263464994Z,phrase-86b81585bf2947d582cdffff34e64a9a-enabled,nram-scheduler-dcf9b1ffb16b4ab78e40872fe85e582a,bacb2f03347291ef66cbddeb3924396dd92d1ef1872053e7e09000d539dd9e4d,2,1,1953,1953,151935,False,55,0,0,False
2026-07-28T03:45:16.309511408Z,phrase-86b81585bf2947d582cdffff34e64a9a-enabled,nram-scheduler-dcf9b1ffb16b4ab78e40872fe85e582a,bacb2f03347291ef66cbddeb3924396dd92d1ef1872053e7e09000d539dd9e4d,3,2,49126,49126,151935,False,55,0,0,False
2026-07-28T03:45:16.355107112Z,phrase-86b81585bf2947d582cdffff34e64a9a-enabled,nram-scheduler-dcf9b1ffb16b4ab78e40872fe85e582a,bacb2f03347291ef66cbddeb3924396dd92d1ef1872053e7e09000d539dd9e4d,4,3,19622,19622,151935,False,55,0,0,False
2026-07-28T03:45:16.399464974Z,phrase-86b81585bf2947d582cdffff34e64a9a-enabled,nram-scheduler-dcf9b1ffb16b4ab78e40872fe85e582a,bacb2f03347291ef66cbddeb3924396dd92d1ef1872053e7e09000d539dd9e4d,5,4,1508,1508,151935,False,56,0,0,False
2026-07-28T03:45:16.445379711Z,phrase-86b81585bf2947d582cdffff34e64a9a-enabled,nram-scheduler-dcf9b1ffb16b4ab78e40872fe85e582a,bacb2f03347291ef66cbddeb3924396dd92d1ef1872053e7e09000d539dd9e4d,6,5,89,89,151935,False,56,0,0,False
2026-07-28T03:45:16.491925733Z,phrase-86b81585bf2947d582cdffff34e64a9a-enabled,nram-scheduler-dcf9b1ffb16b4ab78e40872fe85e582a,bacb2f03347291ef66cbddeb3924396dd92d1ef1872053e7e09000d539dd9e4d,7,6,269,,3,True,48,0,0,False
2026-07-28T03:45:18.343849026Z,source-6023f97bee0d434690395042b592ef39-disabled,nram-scheduler-4453d1aa712e49ed91184b5e088fe9ce,478d808b34bbde843fb0ba33df5be1eda17808324b2c14c62b579d1215e4f2c6,1,0,362,362,151935,False,56,0,0,False
2026-07-28T03:45:18.393604405Z,source-6023f97bee0d434690395042b592ef39-disabled,nram-scheduler-4453d1aa712e49ed91184b5e088fe9ce,478d808b34bbde843fb0ba33df5be1eda17808324b2c14c62b579d1215e4f2c6,2,1,23560,23560,151935,False,56,0,0,False
2026-07-28T03:45:18.443026360Z,source-6023f97bee0d434690395042b592ef39-disabled,nram-scheduler-4453d1aa712e49ed91184b5e088fe9ce,478d808b34bbde843fb0ba33df5be1eda17808324b2c14c62b579d1215e4f2c6,3,2,2530,2530,151935,False,56,0,0,False
2026-07-28T03:45:18.492736144Z,source-6023f97bee0d434690395042b592ef39-disabled,nram-scheduler-4453d1aa712e49ed91184b5e088fe9ce,478d808b34bbde843fb0ba33df5be1eda17808324b2c14c62b579d1215e4f2c6,4,3,41171,41171,151935,False,56,0,0,False
2026-07-28T03:45:18.543475505Z,source-6023f97bee0d434690395042b592ef39-disabled,nram-scheduler-4453d1aa712e49ed91184b5e088fe9ce,478d808b34bbde843fb0ba33df5be1eda17808324b2c14c62b579d1215e4f2c6,5,4,49435,49435,151935,False,56,0,0,False
2026-07-28T03:45:18.587420155Z,source-6023f97bee0d434690395042b592ef39-disabled,nram-scheduler-4453d1aa712e49ed91184b5e088fe9ce,478d808b34bbde843fb0ba33df5be1eda17808324b2c14c62b579d1215e4f2c6,6,5,8063,8063,151935,False,56,0,0,False
2026-07-28T03:45:18.632165409Z,source-6023f97bee0d434690395042b592ef39-disabled,nram-scheduler-4453d1aa712e49ed91184b5e088fe9ce,478d808b34bbde843fb0ba33df5be1eda17808324b2c14c62b579d1215e4f2c6,7,6,12460,12460,151935,False,55,0,0,False
2026-07-28T03:45:18.675561808Z,source-6023f97bee0d434690395042b592ef39-disabled,nram-scheduler-4453d1aa712e49ed91184b5e088fe9ce,478d808b34bbde843fb0ba33df5be1eda17808324b2c14c62b579d1215e4f2c6,8,7,3950,3950,151935,False,56,0,0,False
2026-07-28T03:45:19.010523246Z,source-6023f97bee0d434690395042b592ef39-enabled,nram-scheduler-30a80d2a7a8243d5933d6cbe6bb83d05,58fe8e4e2aea4dc13a70a252d580dfd9ee927375e0a7dacb9be93c8ff9ccfd94,1,0,362,362,151935,False,56,0,0,False
2026-07-28T03:45:19.054406592Z,source-6023f97bee0d434690395042b592ef39-enabled,nram-scheduler-30a80d2a7a8243d5933d6cbe6bb83d05,58fe8e4e2aea4dc13a70a252d580dfd9ee927375e0a7dacb9be93c8ff9ccfd94,2,1,23560,23560,151935,False,56,0,0,False
2026-07-28T03:45:19.096944774Z,source-6023f97bee0d434690395042b592ef39-enabled,nram-scheduler-30a80d2a7a8243d5933d6cbe6bb83d05,58fe8e4e2aea4dc13a70a252d580dfd9ee927375e0a7dacb9be93c8ff9ccfd94,3,2,2530,2530,151935,False,56,0,0,False
2026-07-28T03:45:19.138890582Z,source-6023f97bee0d434690395042b592ef39-enabled,nram-scheduler-30a80d2a7a8243d5933d6cbe6bb83d05,58fe8e4e2aea4dc13a70a252d580dfd9ee927375e0a7dacb9be93c8ff9ccfd94,4,3,41171,41171,151935,False,56,0,0,False
2026-07-28T03:45:19.182350161Z,source-6023f97bee0d434690395042b592ef39-enabled,nram-scheduler-30a80d2a7a8243d5933d6cbe6bb83d05,58fe8e4e2aea4dc13a70a252d580dfd9ee927375e0a7dacb9be93c8ff9ccfd94,5,4,49435,49435,151935,False,56,0,0,False
2026-07-28T03:45:19.223395052Z,source-6023f97bee0d434690395042b592ef39-enabled,nram-scheduler-30a80d2a7a8243d5933d6cbe6bb83d05,58fe8e4e2aea4dc13a70a252d580dfd9ee927375e0a7dacb9be93c8ff9ccfd94,6,5,8063,8063,151935,False,56,0,0,False
2026-07-28T03:45:19.264862035Z,source-6023f97bee0d434690395042b592ef39-enabled,nram-scheduler-30a80d2a7a8243d5933d6cbe6bb83d05,58fe8e4e2aea4dc13a70a252d580dfd9ee927375e0a7dacb9be93c8ff9ccfd94,7,6,12460,12460,151935,False,55,0,0,False
2026-07-28T03:45:19.304702821Z,source-6023f97bee0d434690395042b592ef39-enabled,nram-scheduler-30a80d2a7a8243d5933d6cbe6bb83d05,58fe8e4e2aea4dc13a70a252d580dfd9ee927375e0a7dacb9be93c8ff9ccfd94,8,7,3950,,3,True,48,0,0,False
2026-07-28T03:45:26.367755692Z,grammar-27d4ee07cd1344deb1fdc63645fc6ac6,nram-scheduler-3f00fce5eaf144e4a1a3797d4565ad9f,1547e3362e66c2763918741f4b108d58ac4a0b0fc5820a2611d34453f05782c9,1,0,4913,4913,151935,False,4,0,0,False
2026-07-28T03:45:26.397363210Z,grammar-27d4ee07cd1344deb1fdc63645fc6ac6,nram-scheduler-3f00fce5eaf144e4a1a3797d4565ad9f,1547e3362e66c2763918741f4b108d58ac4a0b0fc5820a2611d34453f05782c9,2,1,957,957,151935,False,4,0,0,False
2026-07-28T03:45:26.423333854Z,grammar-27d4ee07cd1344deb1fdc63645fc6ac6,nram-scheduler-3f00fce5eaf144e4a1a3797d4565ad9f,1547e3362e66c2763918741f4b108d58ac4a0b0fc5820a2611d34453f05782c9,3,2,3252,3252,151935,False,4,0,0,False
2026-07-28T03:45:26.465043537Z,grammar-27d4ee07cd1344deb1fdc63645fc6ac6,nram-scheduler-3f00fce5eaf144e4a1a3797d4565ad9f,1547e3362e66c2763918741f4b108d58ac4a0b0fc5820a2611d34453f05782c9,4,3,1958,1958,151935,False,56,0,0,False
2026-07-28T03:45:26.503852165Z,grammar-27d4ee07cd1344deb1fdc63645fc6ac6,nram-scheduler-3f00fce5eaf144e4a1a3797d4565ad9f,1547e3362e66c2763918741f4b108d58ac4a0b0fc5820a2611d34453f05782c9,5,4,22108,22108,151935,False,55,0,0,False
2026-07-28T03:45:26.535893772Z,grammar-27d4ee07cd1344deb1fdc63645fc6ac6,nram-scheduler-3f00fce5eaf144e4a1a3797d4565ad9f,1547e3362e66c2763918741f4b108d58ac4a0b0fc5820a2611d34453f05782c9,6,5,34074,,3,True,48,0,0,False
2026-07-28T03:45:26.562770076Z,grammar-27d4ee07cd1344deb1fdc63645fc6ac6,nram-scheduler-3f00fce5eaf144e4a1a3797d4565ad9f,1547e3362e66c2763918741f4b108d58ac4a0b0fc5820a2611d34453f05782c9,7,6,9207,,2,True,0,0,0,False
2026-07-28T03:45:28.955523286Z,stream-45c09823c6464518a327524fc846a9d9,nram-scheduler-5705539404814583b73caed333de91af,2984e10569f3a40e5bcb8eccb5a0cc773e3bcd1529e8665dcaab0b155f25fb10,1,0,36813,36813,151935,False,56,0,0,False
2026-07-28T03:45:29.012825542Z,stream-45c09823c6464518a327524fc846a9d9,nram-scheduler-5705539404814583b73caed333de91af,2984e10569f3a40e5bcb8eccb5a0cc773e3bcd1529e8665dcaab0b155f25fb10,2,1,34074,,3,True,48,0,0,False
2026-07-28T03:49:18.291071977Z,RA-FORCED-disabled-0,nram-scheduler-7377c7a0f8164a0c97223117a346e82c,e954d24a9dae8f2b9baab1f5fc187d3152d22b30c5a320a2b98f8ead5e988d44,1,0,,,0,False,0,0,0,False
2026-07-28T03:49:18.332028007Z,RA-FORCED-disabled-1,nram-scheduler-7d66d1e75b4b4a76ac1474a5865ac64f,e954d24a9dae8f2b9baab1f5fc187d3152d22b30c5a320a2b98f8ead5e988d44,1,0,,,0,False,0,0,0,False
2026-07-28T03:49:18.380612974Z,RA-FORCED-enabled-0,nram-scheduler-38f47459bde14ffe9e13c7943530725b,adafbc83d6ecdd12cc73c94f0e6633e0d05e946d476fc41c4b23b9be2a3fcec2,1,0,9702,9702,151935,False,39,0,0,False
2026-07-28T03:49:18.428573626Z,RA-FORCED-enabled-1,nram-scheduler-724e51774a5548fe9a98a9520162a604,adafbc83d6ecdd12cc73c94f0e6633e0d05e946d476fc41c4b23b9be2a3fcec2,1,0,9702,9702,151935,False,39,0,0,False
