request_id,scheduler_request_id,config_hash,invocation_count,generated_tokens_before_sample,forced_token_id,requested_forced_token_id,mask_count,masked_token_ids
RA-ALIAS-00-nram-qwen3-14b-awq,nram-scheduler-2899daa9f8ed4fddb8e4ff3cbf1cd2e1,a6df2ed8a2241ecd5295f931f9309a346390c528756c77a74b0d61b084fff454,1,0,,,2,"[76482, 92040]"
RA-FORCED-disabled-0,nram-scheduler-63d0ab50f30b47efa49220e408384184,e954d24a9dae8f2b9baab1f5fc187d3152d22b30c5a320a2b98f8ead5e988d44,1,0,,,0,[]
RA-FORCED-disabled-1,nram-scheduler-d965a52e6e9b47fba5391d2e08ddd963,e954d24a9dae8f2b9baab1f5fc187d3152d22b30c5a320a2b98f8ead5e988d44,1,0,,,0,[]
RA-FORCED-enabled-0,nram-scheduler-9ba0c27230134d3984f81de22286d542,adafbc83d6ecdd12cc73c94f0e6633e0d05e946d476fc41c4b23b9be2a3fcec2,1,0,9702,9702,151935,[]
RA-FORCED-enabled-1,nram-scheduler-7940dac438274aecaaa77ed3db1a9ae9,adafbc83d6ecdd12cc73c94f0e6633e0d05e946d476fc41c4b23b9be2a3fcec2,1,0,9702,9702,151935,[]
RA-STREAM-nram-qwen3-14b-awq,nram-scheduler-1de7ba235c504e4ab6f22cb297e31411,8c8563dc3251c0e66a6a58497fab2f6b7339ca070e6014eaa62827d4e2d15918,1,0,,,2,"[76482, 92040]"
RA-STREAM-nram-qwen3-14b-awq,nram-scheduler-1de7ba235c504e4ab6f22cb297e31411,8c8563dc3251c0e66a6a58497fab2f6b7339ca070e6014eaa62827d4e2d15918,2,1,,,2,"[76482, 92040]"
RA-STREAM-nram-qwen3-14b-awq,nram-scheduler-1de7ba235c504e4ab6f22cb297e31411,8c8563dc3251c0e66a6a58497fab2f6b7339ca070e6014eaa62827d4e2d15918,3,2,,,2,"[76482, 92040]"
RA-STREAM-persona-peak,nram-scheduler-db823254e61a468d9c9842109a9163cf,89fe14ed9cfea4d771289039ad4ac310b6b7cb2b7bf55b1efb65b6a6c9ca7045,1,0,,,2,"[76482, 92040]"
RA-STREAM-persona-peak,nram-scheduler-db823254e61a468d9c9842109a9163cf,89fe14ed9cfea4d771289039ad4ac310b6b7cb2b7bf55b1efb65b6a6c9ca7045,2,1,,,2,"[76482, 92040]"
RA-STREAM-persona-peak,nram-scheduler-db823254e61a468d9c9842109a9163cf,89fe14ed9cfea4d771289039ad4ac310b6b7cb2b7bf55b1efb65b6a6c9ca7045,3,2,,,2,"[76482, 92040]"
RA-HASH-DUPLICATE,nram-scheduler-7325649566b74f188185f215e098c2e2,54bdc693aefb87f8692df83fb8b5dba42b80ba07bdcf4ac0ec5942530ba28459,1,0,9702,9702,151935,[]
RA-HASH-DUPLICATE,nram-scheduler-2828bd8aa5c642c39b84e5918ded2697,ea81569aa61d63056c6e6d39a7ad9845359d9f9a917ca5e865e4968573276e93,1,0,9702,9702,151935,[]
RA-HASH-DUPLICATE,nram-scheduler-f279e9e7b70e4a2681df5ab5c06887fb,9772ae3a8383a194538f7913f66678f2126ca8bc6ebe16e8f1ef73a23c161e05,1,0,9702,9702,151935,[]
RA-HASH-DUPLICATE,nram-scheduler-da6fcbbc7328429c9aff060751d3f3b0,5a428702e25c1b644dbc21fce3342e9f4dcd1f56c95d89c73e4862571f77dfc8,1,0,9702,9702,151935,[]
RA-HASH-DUPLICATE,nram-scheduler-94b560056c0949c48693d9bcd67a0253,f610ff451bc41e6aa3513e00224b18b0db4ade43dc5892effafe1fd975afa6cc,1,0,9702,9702,151935,[]
RA-HASH-DUPLICATE,nram-scheduler-aa340631a87c44d6b13488e3f956144f,7ff91824ac484758a48b9d98a6ba1eafdf3eeb4884300ae5fe223ab5cb571b0a,1,0,,9702,0,[]
RA-HASH-DUPLICATE,nram-scheduler-466a468bd3824c588ee9cd9b7642c455,04819c9acb079e7b73f4a6814cb8a5005eff52ff9e4c06f3b06289ad5a9e225d,1,0,9702,9702,151935,[]
RA-HASH-OTHER,nram-scheduler-8b4368679115486e96f70c6e009bdb63,54bdc693aefb87f8692df83fb8b5dba42b80ba07bdcf4ac0ec5942530ba28459,1,0,9702,9702,151935,[]
RA-STRUCT-phrase-disabled,nram-scheduler-37f95d95041c4615985a47ec0d2c6b91,8229fdc0fd2adfd93fd846f71f8a48ce11f1d6f740a29434952383494941b4f5,1,0,9702,9702,151935,[]
RA-STRUCT-phrase-disabled,nram-scheduler-37f95d95041c4615985a47ec0d2c6b91,8229fdc0fd2adfd93fd846f71f8a48ce11f1d6f740a29434952383494941b4f5,2,1,498,498,151935,[]
RA-STRUCT-phrase-leading-space-exact,nram-scheduler-be4291c3f4454c02a95f7f6a72890d35,6ad3dfbf71d78b51f68524502c8e230b29540a4d60c58c4257d4869746d49455,1,0,9702,9702,151935,[]
RA-STRUCT-phrase-leading-space-exact,nram-scheduler-be4291c3f4454c02a95f7f6a72890d35,6ad3dfbf71d78b51f68524502c8e230b29540a4d60c58c4257d4869746d49455,2,1,,498,1,[498]
RA-STRUCT-phrase-no-space-variant,nram-scheduler-2874dccb40024095bdd059556ed9cc04,6ad3dfbf71d78b51f68524502c8e230b29540a4d60c58c4257d4869746d49455,1,0,9702,9702,151935,[]
RA-STRUCT-phrase-no-space-variant,nram-scheduler-2874dccb40024095bdd059556ed9cc04,6ad3dfbf71d78b51f68524502c8e230b29540a4d60c58c4257d4869746d49455,2,1,,498,1,[498]
RA-STRUCT-source-disabled,nram-scheduler-9a5730de1b7c42d7a640dce76ecf8e83,5267ee3e5feb83a28ceaa2d2aafa8eb965e404ec236f079dcfe56aa8f38f85da,1,0,9702,9702,151935,[]
RA-STRUCT-source-disabled,nram-scheduler-9a5730de1b7c42d7a640dce76ecf8e83,5267ee3e5feb83a28ceaa2d2aafa8eb965e404ec236f079dcfe56aa8f38f85da,2,1,498,498,151935,[]
RA-STRUCT-source-disabled,nram-scheduler-9a5730de1b7c42d7a640dce76ecf8e83,5267ee3e5feb83a28ceaa2d2aafa8eb965e404ec236f079dcfe56aa8f38f85da,3,2,369,369,151935,[]
RA-STRUCT-source-disabled,nram-scheduler-9a5730de1b7c42d7a640dce76ecf8e83,5267ee3e5feb83a28ceaa2d2aafa8eb965e404ec236f079dcfe56aa8f38f85da,4,3,697,697,151935,[]
RA-STRUCT-source-disabled,nram-scheduler-9a5730de1b7c42d7a640dce76ecf8e83,5267ee3e5feb83a28ceaa2d2aafa8eb965e404ec236f079dcfe56aa8f38f85da,5,4,16585,16585,151935,[]
RA-STRUCT-source-disabled,nram-scheduler-9a5730de1b7c42d7a640dce76ecf8e83,5267ee3e5feb83a28ceaa2d2aafa8eb965e404ec236f079dcfe56aa8f38f85da,6,5,3395,3395,151935,[]
RA-STRUCT-source-disabled,nram-scheduler-9a5730de1b7c42d7a640dce76ecf8e83,5267ee3e5feb83a28ceaa2d2aafa8eb965e404ec236f079dcfe56aa8f38f85da,7,6,3351,3351,151935,[]
RA-STRUCT-source-disabled,nram-scheduler-9a5730de1b7c42d7a640dce76ecf8e83,5267ee3e5feb83a28ceaa2d2aafa8eb965e404ec236f079dcfe56aa8f38f85da,8,7,4486,4486,151935,[]
RA-STRUCT-source-enabled,nram-scheduler-9c588bf7b7de41238687bd1cc0b59a9c,55335f7ff85170fc2480d1f7ccc63c52ec422ae3ac0b350c07640064c1d1d430,1,0,9702,9702,151935,[]
RA-STRUCT-source-enabled,nram-scheduler-9c588bf7b7de41238687bd1cc0b59a9c,55335f7ff85170fc2480d1f7ccc63c52ec422ae3ac0b350c07640064c1d1d430,2,1,498,498,151935,[]
RA-STRUCT-source-enabled,nram-scheduler-9c588bf7b7de41238687bd1cc0b59a9c,55335f7ff85170fc2480d1f7ccc63c52ec422ae3ac0b350c07640064c1d1d430,3,2,369,369,151935,[]
RA-STRUCT-source-enabled,nram-scheduler-9c588bf7b7de41238687bd1cc0b59a9c,55335f7ff85170fc2480d1f7ccc63c52ec422ae3ac0b350c07640064c1d1d430,4,3,697,697,151935,[]
RA-STRUCT-source-enabled,nram-scheduler-9c588bf7b7de41238687bd1cc0b59a9c,55335f7ff85170fc2480d1f7ccc63c52ec422ae3ac0b350c07640064c1d1d430,5,4,16585,16585,151935,[]
RA-STRUCT-source-enabled,nram-scheduler-9c588bf7b7de41238687bd1cc0b59a9c,55335f7ff85170fc2480d1f7ccc63c52ec422ae3ac0b350c07640064c1d1d430,6,5,3395,3395,151935,[]
RA-STRUCT-source-enabled,nram-scheduler-9c588bf7b7de41238687bd1cc0b59a9c,55335f7ff85170fc2480d1f7ccc63c52ec422ae3ac0b350c07640064c1d1d430,7,6,3351,3351,151935,[]
RA-STRUCT-source-enabled,nram-scheduler-9c588bf7b7de41238687bd1cc0b59a9c,55335f7ff85170fc2480d1f7ccc63c52ec422ae3ac0b350c07640064c1d1d430,8,7,,4486,1,[4486]
RA-ENTROPY-low,nram-scheduler-1cd960d486da41c6ba6b9f0bec58f2a0,14784fddcf8d598ec3f6003daea68c3fe49df2e8eb36dc155900c8456d7bf959,1,0,,,0,[]
RA-ENTROPY-low,nram-scheduler-1cd960d486da41c6ba6b9f0bec58f2a0,14784fddcf8d598ec3f6003daea68c3fe49df2e8eb36dc155900c8456d7bf959,2,1,,,0,[]
RA-ENTROPY-low,nram-scheduler-1cd960d486da41c6ba6b9f0bec58f2a0,14784fddcf8d598ec3f6003daea68c3fe49df2e8eb36dc155900c8456d7bf959,3,2,,,0,[]
RA-ENTROPY-medium,nram-scheduler-34d17c95934c473c80ba5f8494088792,745b0ba01e2c378f8d3f47297666340ea0f791520cbfea3b1f17dfb6169f2b9e,1,0,,,0,[]
RA-ENTROPY-medium,nram-scheduler-34d17c95934c473c80ba5f8494088792,745b0ba01e2c378f8d3f47297666340ea0f791520cbfea3b1f17dfb6169f2b9e,2,1,,,0,[]
RA-ENTROPY-medium,nram-scheduler-34d17c95934c473c80ba5f8494088792,745b0ba01e2c378f8d3f47297666340ea0f791520cbfea3b1f17dfb6169f2b9e,3,2,,,0,[]
RA-ENTROPY-high,nram-scheduler-2b99feb1858a41bf954861b4b890d761,a3b0e6e0fb68f6c221fad736cac56532ea3f9e2c38cf1dd081a72a7229211b98,1,0,,,0,[]
RA-ENTROPY-high,nram-scheduler-2b99feb1858a41bf954861b4b890d761,a3b0e6e0fb68f6c221fad736cac56532ea3f9e2c38cf1dd081a72a7229211b98,2,1,,,0,[]
RA-ENTROPY-high,nram-scheduler-2b99feb1858a41bf954861b4b890d761,a3b0e6e0fb68f6c221fad736cac56532ea3f9e2c38cf1dd081a72a7229211b98,3,2,,,0,[]
RA-VECTOR-negative,nram-scheduler-3d196992174141bf96eaaba3686043eb,f3bdf7e6b71e34058b816b91e330859fee647e4595e295bd2d75f8e2f9e9bd8a,1,0,9702,9702,151935,[]
RA-VECTOR-zero,nram-scheduler-0fe71d5285fb42b3b930f21feb261fce,5db676b710a83c8085eb009aba6987834a40a5add4309a2b38aa3280e9cbbe30,1,0,9702,9702,151935,[]
RA-VECTOR-positive,nram-scheduler-6806a71ce53a480b82aba02a5e4ed61a,8dffcf1734a83d2e8597d5f10f397e15b082855c032c8217a90a04b6b0e812f6,1,0,9702,9702,151935,[]
RA-SOFT-negative,nram-scheduler-dfbb4d660bf44ac983e095dd6752c1a5,34b3f6a8ff4ee02bd07bbc2f7f3d38510f142f52b608834d30cd189a3845e53c,1,0,9702,9702,151935,[]
RA-SOFT-zero,nram-scheduler-e991b56f220b406187816fb920c1a445,a8a90c03137cd78834f29e7a4aa5e0636921bba520f778767a0bb717369976b7,1,0,9702,9702,151935,[]
RA-SOFT-positive,nram-scheduler-a3522e609148497fb85212958abeef61,c49da5e3541d6c96e9270533e45ae0ad551213ac2db58ac2567fced86d11875e,1,0,9702,9702,151935,[]
RA-CANCEL-STREAM,nram-scheduler-17e6e86e1ea64e559177c6a451326dbb,2c2129f93af5c3825297b0ae83436db5595a9605b370f9e68f1c5155b54c5c9d,1,0,9702,9702,151935,[]
RA-CANCEL-STREAM,nram-scheduler-17e6e86e1ea64e559177c6a451326dbb,2c2129f93af5c3825297b0ae83436db5595a9605b370f9e68f1c5155b54c5c9d,2,1,9702,9702,151935,[]
RA-CANCEL-STREAM,nram-scheduler-17e6e86e1ea64e559177c6a451326dbb,2c2129f93af5c3825297b0ae83436db5595a9605b370f9e68f1c5155b54c5c9d,3,2,9702,9702,151935,[]
RA-CANCEL-STREAM,nram-scheduler-17e6e86e1ea64e559177c6a451326dbb,2c2129f93af5c3825297b0ae83436db5595a9605b370f9e68f1c5155b54c5c9d,4,3,9702,9702,151935,[]
RA-CANCEL-STREAM,nram-scheduler-17e6e86e1ea64e559177c6a451326dbb,2c2129f93af5c3825297b0ae83436db5595a9605b370f9e68f1c5155b54c5c9d,5,4,9702,9702,151935,[]
RA-CANCEL-STREAM,nram-scheduler-17e6e86e1ea64e559177c6a451326dbb,2c2129f93af5c3825297b0ae83436db5595a9605b370f9e68f1c5155b54c5c9d,6,5,9702,9702,151935,[]
RA-CANCEL-STREAM,nram-scheduler-17e6e86e1ea64e559177c6a451326dbb,2c2129f93af5c3825297b0ae83436db5595a9605b370f9e68f1c5155b54c5c9d,7,6,9702,9702,151935,[]
RA-CANCEL-STREAM,nram-scheduler-17e6e86e1ea64e559177c6a451326dbb,2c2129f93af5c3825297b0ae83436db5595a9605b370f9e68f1c5155b54c5c9d,8,7,9702,9702,151935,[]
RA-CANCEL-STREAM,nram-scheduler-17e6e86e1ea64e559177c6a451326dbb,2c2129f93af5c3825297b0ae83436db5595a9605b370f9e68f1c5155b54c5c9d,9,8,9702,9702,151935,[]
RA-CANCEL-STREAM,nram-scheduler-17e6e86e1ea64e559177c6a451326dbb,2c2129f93af5c3825297b0ae83436db5595a9605b370f9e68f1c5155b54c5c9d,10,9,9702,9702,151935,[]
RA-CANCEL-STREAM,nram-scheduler-17e6e86e1ea64e559177c6a451326dbb,2c2129f93af5c3825297b0ae83436db5595a9605b370f9e68f1c5155b54c5c9d,11,10,9702,9702,151935,[]
RA-CANCEL-STREAM,nram-scheduler-17e6e86e1ea64e559177c6a451326dbb,2c2129f93af5c3825297b0ae83436db5595a9605b370f9e68f1c5155b54c5c9d,12,11,9702,9702,151935,[]
RA-CANCEL-STREAM,nram-scheduler-17e6e86e1ea64e559177c6a451326dbb,2c2129f93af5c3825297b0ae83436db5595a9605b370f9e68f1c5155b54c5c9d,13,12,9702,9702,151935,[]
RA-CANCEL-STREAM,nram-scheduler-17e6e86e1ea64e559177c6a451326dbb,2c2129f93af5c3825297b0ae83436db5595a9605b370f9e68f1c5155b54c5c9d,14,13,9702,9702,151935,[]
RA-CANCEL-STREAM,nram-scheduler-17e6e86e1ea64e559177c6a451326dbb,2c2129f93af5c3825297b0ae83436db5595a9605b370f9e68f1c5155b54c5c9d,15,14,9702,9702,151935,[]
RA-CANCEL-STREAM,nram-scheduler-17e6e86e1ea64e559177c6a451326dbb,2c2129f93af5c3825297b0ae83436db5595a9605b370f9e68f1c5155b54c5c9d,16,15,9702,9702,151935,[]
RA-CANCEL-STREAM,nram-scheduler-17e6e86e1ea64e559177c6a451326dbb,2c2129f93af5c3825297b0ae83436db5595a9605b370f9e68f1c5155b54c5c9d,17,16,9702,9702,151935,[]
RA-CANCEL-STREAM,nram-scheduler-17e6e86e1ea64e559177c6a451326dbb,2c2129f93af5c3825297b0ae83436db5595a9605b370f9e68f1c5155b54c5c9d,18,17,9702,9702,151935,[]
RA-CANCEL-STREAM,nram-scheduler-17e6e86e1ea64e559177c6a451326dbb,2c2129f93af5c3825297b0ae83436db5595a9605b370f9e68f1c5155b54c5c9d,19,18,9702,9702,151935,[]
RA-CANCEL-STREAM,nram-scheduler-17e6e86e1ea64e559177c6a451326dbb,2c2129f93af5c3825297b0ae83436db5595a9605b370f9e68f1c5155b54c5c9d,20,19,9702,9702,151935,[]
RA-CANCEL-STREAM,nram-scheduler-17e6e86e1ea64e559177c6a451326dbb,2c2129f93af5c3825297b0ae83436db5595a9605b370f9e68f1c5155b54c5c9d,21,20,9702,9702,151935,[]
RA-CANCEL-STREAM,nram-scheduler-17e6e86e1ea64e559177c6a451326dbb,2c2129f93af5c3825297b0ae83436db5595a9605b370f9e68f1c5155b54c5c9d,22,21,9702,9702,151935,[]
RA-CANCEL-STREAM,nram-scheduler-17e6e86e1ea64e559177c6a451326dbb,2c2129f93af5c3825297b0ae83436db5595a9605b370f9e68f1c5155b54c5c9d,23,22,9702,9702,151935,[]
RA-CANCEL-STREAM,nram-scheduler-17e6e86e1ea64e559177c6a451326dbb,2c2129f93af5c3825297b0ae83436db5595a9605b370f9e68f1c5155b54c5c9d,24,23,9702,9702,151935,[]
RA-CANCEL-STREAM,nram-scheduler-17e6e86e1ea64e559177c6a451326dbb,2c2129f93af5c3825297b0ae83436db5595a9605b370f9e68f1c5155b54c5c9d,25,24,9702,9702,151935,[]
RA-CANCEL-STREAM,nram-scheduler-17e6e86e1ea64e559177c6a451326dbb,2c2129f93af5c3825297b0ae83436db5595a9605b370f9e68f1c5155b54c5c9d,26,25,9702,9702,151935,[]
RA-CANCEL-STREAM,nram-scheduler-17e6e86e1ea64e559177c6a451326dbb,2c2129f93af5c3825297b0ae83436db5595a9605b370f9e68f1c5155b54c5c9d,27,26,9702,9702,151935,[]
RA-CANCEL-STREAM,nram-scheduler-17e6e86e1ea64e559177c6a451326dbb,2c2129f93af5c3825297b0ae83436db5595a9605b370f9e68f1c5155b54c5c9d,28,27,9702,9702,151935,[]
RA-CANCEL-STREAM,nram-scheduler-17e6e86e1ea64e559177c6a451326dbb,2c2129f93af5c3825297b0ae83436db5595a9605b370f9e68f1c5155b54c5c9d,29,28,9702,9702,151935,[]
RA-CANCEL-STREAM,nram-scheduler-17e6e86e1ea64e559177c6a451326dbb,2c2129f93af5c3825297b0ae83436db5595a9605b370f9e68f1c5155b54c5c9d,30,29,9702,9702,151935,[]
RA-CANCEL-STREAM,nram-scheduler-17e6e86e1ea64e559177c6a451326dbb,2c2129f93af5c3825297b0ae83436db5595a9605b370f9e68f1c5155b54c5c9d,31,30,9702,9702,151935,[]
RA-CANCEL-STREAM,nram-scheduler-17e6e86e1ea64e559177c6a451326dbb,2c2129f93af5c3825297b0ae83436db5595a9605b370f9e68f1c5155b54c5c9d,32,31,9702,9702,151935,[]
RA-CANCEL-STREAM,nram-scheduler-17e6e86e1ea64e559177c6a451326dbb,2c2129f93af5c3825297b0ae83436db5595a9605b370f9e68f1c5155b54c5c9d,33,32,9702,9702,151935,[]
RA-CANCEL-STREAM,nram-scheduler-17e6e86e1ea64e559177c6a451326dbb,2c2129f93af5c3825297b0ae83436db5595a9605b370f9e68f1c5155b54c5c9d,34,33,9702,9702,151935,[]
RA-CANCEL-STREAM,nram-scheduler-17e6e86e1ea64e559177c6a451326dbb,2c2129f93af5c3825297b0ae83436db5595a9605b370f9e68f1c5155b54c5c9d,35,34,9702,9702,151935,[]
RA-CANCEL-STREAM,nram-scheduler-17e6e86e1ea64e559177c6a451326dbb,2c2129f93af5c3825297b0ae83436db5595a9605b370f9e68f1c5155b54c5c9d,36,35,9702,9702,151935,[]
RA-CANCEL-STREAM,nram-scheduler-17e6e86e1ea64e559177c6a451326dbb,2c2129f93af5c3825297b0ae83436db5595a9605b370f9e68f1c5155b54c5c9d,37,36,9702,9702,151935,[]
RA-CANCEL-STREAM,nram-scheduler-17e6e86e1ea64e559177c6a451326dbb,2c2129f93af5c3825297b0ae83436db5595a9605b370f9e68f1c5155b54c5c9d,38,37,9702,9702,151935,[]
RA-CANCEL-STREAM,nram-scheduler-17e6e86e1ea64e559177c6a451326dbb,2c2129f93af5c3825297b0ae83436db5595a9605b370f9e68f1c5155b54c5c9d,39,38,9702,9702,151935,[]
RA-CANCEL-STREAM,nram-scheduler-17e6e86e1ea64e559177c6a451326dbb,2c2129f93af5c3825297b0ae83436db5595a9605b370f9e68f1c5155b54c5c9d,40,39,9702,9702,151935,[]
RA-CANCEL-STREAM,nram-scheduler-17e6e86e1ea64e559177c6a451326dbb,2c2129f93af5c3825297b0ae83436db5595a9605b370f9e68f1c5155b54c5c9d,41,40,9702,9702,151935,[]
RA-CANCEL-STREAM,nram-scheduler-17e6e86e1ea64e559177c6a451326dbb,2c2129f93af5c3825297b0ae83436db5595a9605b370f9e68f1c5155b54c5c9d,42,41,9702,9702,151935,[]
RA-CANCEL-STREAM,nram-scheduler-17e6e86e1ea64e559177c6a451326dbb,2c2129f93af5c3825297b0ae83436db5595a9605b370f9e68f1c5155b54c5c9d,43,42,9702,9702,151935,[]
RA-CANCEL-STREAM,nram-scheduler-17e6e86e1ea64e559177c6a451326dbb,2c2129f93af5c3825297b0ae83436db5595a9605b370f9e68f1c5155b54c5c9d,44,43,9702,9702,151935,[]
RA-CANCEL-STREAM,nram-scheduler-17e6e86e1ea64e559177c6a451326dbb,2c2129f93af5c3825297b0ae83436db5595a9605b370f9e68f1c5155b54c5c9d,45,44,9702,9702,151935,[]
RA-CANCEL-STREAM,nram-scheduler-17e6e86e1ea64e559177c6a451326dbb,2c2129f93af5c3825297b0ae83436db5595a9605b370f9e68f1c5155b54c5c9d,46,45,9702,9702,151935,[]
RA-CANCEL-STREAM,nram-scheduler-17e6e86e1ea64e559177c6a451326dbb,2c2129f93af5c3825297b0ae83436db5595a9605b370f9e68f1c5155b54c5c9d,47,46,9702,9702,151935,[]
RA-CANCEL-STREAM,nram-scheduler-17e6e86e1ea64e559177c6a451326dbb,2c2129f93af5c3825297b0ae83436db5595a9605b370f9e68f1c5155b54c5c9d,48,47,9702,9702,151935,[]
RA-CANCEL-STREAM,nram-scheduler-17e6e86e1ea64e559177c6a451326dbb,2c2129f93af5c3825297b0ae83436db5595a9605b370f9e68f1c5155b54c5c9d,49,48,9702,9702,151935,[]
RA-CANCEL-STREAM,nram-scheduler-17e6e86e1ea64e559177c6a451326dbb,2c2129f93af5c3825297b0ae83436db5595a9605b370f9e68f1c5155b54c5c9d,50,49,9702,9702,151935,[]
RA-CANCEL-STREAM,nram-scheduler-17e6e86e1ea64e559177c6a451326dbb,2c2129f93af5c3825297b0ae83436db5595a9605b370f9e68f1c5155b54c5c9d,51,50,9702,9702,151935,[]
RA-CANCEL-STREAM,nram-scheduler-17e6e86e1ea64e559177c6a451326dbb,2c2129f93af5c3825297b0ae83436db5595a9605b370f9e68f1c5155b54c5c9d,52,51,9702,9702,151935,[]
RA-CANCEL-STREAM,nram-scheduler-17e6e86e1ea64e559177c6a451326dbb,2c2129f93af5c3825297b0ae83436db5595a9605b370f9e68f1c5155b54c5c9d,53,52,9702,9702,151935,[]
RA-CANCEL-STREAM,nram-scheduler-17e6e86e1ea64e559177c6a451326dbb,2c2129f93af5c3825297b0ae83436db5595a9605b370f9e68f1c5155b54c5c9d,54,53,9702,9702,151935,[]
RA-CANCEL-STREAM,nram-scheduler-17e6e86e1ea64e559177c6a451326dbb,2c2129f93af5c3825297b0ae83436db5595a9605b370f9e68f1c5155b54c5c9d,55,54,9702,9702,151935,[]
RA-CANCEL-STREAM,nram-scheduler-17e6e86e1ea64e559177c6a451326dbb,2c2129f93af5c3825297b0ae83436db5595a9605b370f9e68f1c5155b54c5c9d,56,55,9702,9702,151935,[]
RA-CANCEL-STREAM,nram-scheduler-17e6e86e1ea64e559177c6a451326dbb,2c2129f93af5c3825297b0ae83436db5595a9605b370f9e68f1c5155b54c5c9d,57,56,9702,9702,151935,[]
RA-CANCEL-STREAM,nram-scheduler-17e6e86e1ea64e559177c6a451326dbb,2c2129f93af5c3825297b0ae83436db5595a9605b370f9e68f1c5155b54c5c9d,58,57,9702,9702,151935,[]
RA-CANCEL-STREAM,nram-scheduler-17e6e86e1ea64e559177c6a451326dbb,2c2129f93af5c3825297b0ae83436db5595a9605b370f9e68f1c5155b54c5c9d,59,58,9702,9702,151935,[]
RA-CANCEL-STREAM,nram-scheduler-17e6e86e1ea64e559177c6a451326dbb,2c2129f93af5c3825297b0ae83436db5595a9605b370f9e68f1c5155b54c5c9d,60,59,9702,9702,151935,[]
RA-CANCEL-STREAM,nram-scheduler-17e6e86e1ea64e559177c6a451326dbb,2c2129f93af5c3825297b0ae83436db5595a9605b370f9e68f1c5155b54c5c9d,61,60,9702,9702,151935,[]
RA-CANCEL-STREAM,nram-scheduler-17e6e86e1ea64e559177c6a451326dbb,2c2129f93af5c3825297b0ae83436db5595a9605b370f9e68f1c5155b54c5c9d,62,61,9702,9702,151935,[]
RA-CANCEL-STREAM,nram-scheduler-17e6e86e1ea64e559177c6a451326dbb,2c2129f93af5c3825297b0ae83436db5595a9605b370f9e68f1c5155b54c5c9d,63,62,9702,9702,151935,[]
RA-CANCEL-STREAM,nram-scheduler-17e6e86e1ea64e559177c6a451326dbb,2c2129f93af5c3825297b0ae83436db5595a9605b370f9e68f1c5155b54c5c9d,64,63,9702,9702,151935,[]
RA-CANCEL-NONSTREAM,nram-scheduler-79beda5b588b400fbef846f0cc6018bc,fa85f1647f341be21a1c90a5547a2d039b41e04fb6035708a1cbe6e5dab9a9be,1,0,9702,9702,151935,[]
RA-CANCEL-NONSTREAM,nram-scheduler-79beda5b588b400fbef846f0cc6018bc,fa85f1647f341be21a1c90a5547a2d039b41e04fb6035708a1cbe6e5dab9a9be,2,1,9702,9702,151935,[]
RA-CANCEL-NONSTREAM,nram-scheduler-79beda5b588b400fbef846f0cc6018bc,fa85f1647f341be21a1c90a5547a2d039b41e04fb6035708a1cbe6e5dab9a9be,3,2,9702,9702,151935,[]
RA-CANCEL-NONSTREAM,nram-scheduler-79beda5b588b400fbef846f0cc6018bc,fa85f1647f341be21a1c90a5547a2d039b41e04fb6035708a1cbe6e5dab9a9be,4,3,9702,9702,151935,[]
RA-CANCEL-NONSTREAM,nram-scheduler-79beda5b588b400fbef846f0cc6018bc,fa85f1647f341be21a1c90a5547a2d039b41e04fb6035708a1cbe6e5dab9a9be,5,4,9702,9702,151935,[]
RA-CANCEL-NONSTREAM,nram-scheduler-79beda5b588b400fbef846f0cc6018bc,fa85f1647f341be21a1c90a5547a2d039b41e04fb6035708a1cbe6e5dab9a9be,6,5,9702,9702,151935,[]
RA-CANCEL-NONSTREAM,nram-scheduler-79beda5b588b400fbef846f0cc6018bc,fa85f1647f341be21a1c90a5547a2d039b41e04fb6035708a1cbe6e5dab9a9be,7,6,9702,9702,151935,[]
RA-CANCEL-NONSTREAM,nram-scheduler-79beda5b588b400fbef846f0cc6018bc,fa85f1647f341be21a1c90a5547a2d039b41e04fb6035708a1cbe6e5dab9a9be,8,7,9702,9702,151935,[]
RA-CANCEL-NONSTREAM,nram-scheduler-79beda5b588b400fbef846f0cc6018bc,fa85f1647f341be21a1c90a5547a2d039b41e04fb6035708a1cbe6e5dab9a9be,9,8,9702,9702,151935,[]
RA-CANCEL-NONSTREAM,nram-scheduler-79beda5b588b400fbef846f0cc6018bc,fa85f1647f341be21a1c90a5547a2d039b41e04fb6035708a1cbe6e5dab9a9be,10,9,9702,9702,151935,[]
RA-CANCEL-NONSTREAM,nram-scheduler-79beda5b588b400fbef846f0cc6018bc,fa85f1647f341be21a1c90a5547a2d039b41e04fb6035708a1cbe6e5dab9a9be,11,10,9702,9702,151935,[]
RA-CANCEL-NONSTREAM,nram-scheduler-79beda5b588b400fbef846f0cc6018bc,fa85f1647f341be21a1c90a5547a2d039b41e04fb6035708a1cbe6e5dab9a9be,12,11,9702,9702,151935,[]
RA-CANCEL-NONSTREAM,nram-scheduler-79beda5b588b400fbef846f0cc6018bc,fa85f1647f341be21a1c90a5547a2d039b41e04fb6035708a1cbe6e5dab9a9be,13,12,9702,9702,151935,[]
RA-CANCEL-NONSTREAM,nram-scheduler-79beda5b588b400fbef846f0cc6018bc,fa85f1647f341be21a1c90a5547a2d039b41e04fb6035708a1cbe6e5dab9a9be,14,13,9702,9702,151935,[]
RA-CANCEL-NONSTREAM,nram-scheduler-79beda5b588b400fbef846f0cc6018bc,fa85f1647f341be21a1c90a5547a2d039b41e04fb6035708a1cbe6e5dab9a9be,15,14,9702,9702,151935,[]
RA-CANCEL-NONSTREAM,nram-scheduler-79beda5b588b400fbef846f0cc6018bc,fa85f1647f341be21a1c90a5547a2d039b41e04fb6035708a1cbe6e5dab9a9be,16,15,9702,9702,151935,[]
RA-CANCEL-NONSTREAM,nram-scheduler-79beda5b588b400fbef846f0cc6018bc,fa85f1647f341be21a1c90a5547a2d039b41e04fb6035708a1cbe6e5dab9a9be,17,16,9702,9702,151935,[]
RA-CANCEL-NONSTREAM,nram-scheduler-79beda5b588b400fbef846f0cc6018bc,fa85f1647f341be21a1c90a5547a2d039b41e04fb6035708a1cbe6e5dab9a9be,18,17,9702,9702,151935,[]
RA-CANCEL-NONSTREAM,nram-scheduler-79beda5b588b400fbef846f0cc6018bc,fa85f1647f341be21a1c90a5547a2d039b41e04fb6035708a1cbe6e5dab9a9be,19,18,9702,9702,151935,[]
RA-CANCEL-NONSTREAM,nram-scheduler-79beda5b588b400fbef846f0cc6018bc,fa85f1647f341be21a1c90a5547a2d039b41e04fb6035708a1cbe6e5dab9a9be,20,19,9702,9702,151935,[]
RA-CANCEL-NONSTREAM,nram-scheduler-79beda5b588b400fbef846f0cc6018bc,fa85f1647f341be21a1c90a5547a2d039b41e04fb6035708a1cbe6e5dab9a9be,21,20,9702,9702,151935,[]
RA-CANCEL-NONSTREAM,nram-scheduler-79beda5b588b400fbef846f0cc6018bc,fa85f1647f341be21a1c90a5547a2d039b41e04fb6035708a1cbe6e5dab9a9be,22,21,9702,9702,151935,[]
RA-CANCEL-NONSTREAM,nram-scheduler-79beda5b588b400fbef846f0cc6018bc,fa85f1647f341be21a1c90a5547a2d039b41e04fb6035708a1cbe6e5dab9a9be,23,22,9702,9702,151935,[]
RA-CANCEL-NONSTREAM,nram-scheduler-79beda5b588b400fbef846f0cc6018bc,fa85f1647f341be21a1c90a5547a2d039b41e04fb6035708a1cbe6e5dab9a9be,24,23,9702,9702,151935,[]
RA-CANCEL-NONSTREAM,nram-scheduler-79beda5b588b400fbef846f0cc6018bc,fa85f1647f341be21a1c90a5547a2d039b41e04fb6035708a1cbe6e5dab9a9be,25,24,9702,9702,151935,[]
RA-CANCEL-NONSTREAM,nram-scheduler-79beda5b588b400fbef846f0cc6018bc,fa85f1647f341be21a1c90a5547a2d039b41e04fb6035708a1cbe6e5dab9a9be,26,25,9702,9702,151935,[]
RA-CANCEL-NONSTREAM,nram-scheduler-79beda5b588b400fbef846f0cc6018bc,fa85f1647f341be21a1c90a5547a2d039b41e04fb6035708a1cbe6e5dab9a9be,27,26,9702,9702,151935,[]
RA-CANCEL-NONSTREAM,nram-scheduler-79beda5b588b400fbef846f0cc6018bc,fa85f1647f341be21a1c90a5547a2d039b41e04fb6035708a1cbe6e5dab9a9be,28,27,9702,9702,151935,[]
RA-CANCEL-NONSTREAM,nram-scheduler-79beda5b588b400fbef846f0cc6018bc,fa85f1647f341be21a1c90a5547a2d039b41e04fb6035708a1cbe6e5dab9a9be,29,28,9702,9702,151935,[]
RA-CANCEL-NONSTREAM,nram-scheduler-79beda5b588b400fbef846f0cc6018bc,fa85f1647f341be21a1c90a5547a2d039b41e04fb6035708a1cbe6e5dab9a9be,30,29,9702,9702,151935,[]
RA-CANCEL-NONSTREAM,nram-scheduler-79beda5b588b400fbef846f0cc6018bc,fa85f1647f341be21a1c90a5547a2d039b41e04fb6035708a1cbe6e5dab9a9be,31,30,9702,9702,151935,[]
RA-CANCEL-NONSTREAM,nram-scheduler-79beda5b588b400fbef846f0cc6018bc,fa85f1647f341be21a1c90a5547a2d039b41e04fb6035708a1cbe6e5dab9a9be,32,31,9702,9702,151935,[]
RA-CANCEL-NONSTREAM,nram-scheduler-79beda5b588b400fbef846f0cc6018bc,fa85f1647f341be21a1c90a5547a2d039b41e04fb6035708a1cbe6e5dab9a9be,33,32,9702,9702,151935,[]
RA-CANCEL-NONSTREAM,nram-scheduler-79beda5b588b400fbef846f0cc6018bc,fa85f1647f341be21a1c90a5547a2d039b41e04fb6035708a1cbe6e5dab9a9be,34,33,9702,9702,151935,[]
RA-CANCEL-NONSTREAM,nram-scheduler-79beda5b588b400fbef846f0cc6018bc,fa85f1647f341be21a1c90a5547a2d039b41e04fb6035708a1cbe6e5dab9a9be,35,34,9702,9702,151935,[]
RA-CANCEL-NONSTREAM,nram-scheduler-79beda5b588b400fbef846f0cc6018bc,fa85f1647f341be21a1c90a5547a2d039b41e04fb6035708a1cbe6e5dab9a9be,36,35,9702,9702,151935,[]
RA-CANCEL-NONSTREAM,nram-scheduler-79beda5b588b400fbef846f0cc6018bc,fa85f1647f341be21a1c90a5547a2d039b41e04fb6035708a1cbe6e5dab9a9be,37,36,9702,9702,151935,[]
RA-CANCEL-NONSTREAM,nram-scheduler-79beda5b588b400fbef846f0cc6018bc,fa85f1647f341be21a1c90a5547a2d039b41e04fb6035708a1cbe6e5dab9a9be,38,37,9702,9702,151935,[]
RA-CANCEL-NONSTREAM,nram-scheduler-79beda5b588b400fbef846f0cc6018bc,fa85f1647f341be21a1c90a5547a2d039b41e04fb6035708a1cbe6e5dab9a9be,39,38,9702,9702,151935,[]
RA-CANCEL-NONSTREAM,nram-scheduler-79beda5b588b400fbef846f0cc6018bc,fa85f1647f341be21a1c90a5547a2d039b41e04fb6035708a1cbe6e5dab9a9be,40,39,9702,9702,151935,[]
RA-CANCEL-NONSTREAM,nram-scheduler-79beda5b588b400fbef846f0cc6018bc,fa85f1647f341be21a1c90a5547a2d039b41e04fb6035708a1cbe6e5dab9a9be,41,40,9702,9702,151935,[]
RA-CANCEL-NONSTREAM,nram-scheduler-79beda5b588b400fbef846f0cc6018bc,fa85f1647f341be21a1c90a5547a2d039b41e04fb6035708a1cbe6e5dab9a9be,42,41,9702,9702,151935,[]
RA-CANCEL-NONSTREAM,nram-scheduler-79beda5b588b400fbef846f0cc6018bc,fa85f1647f341be21a1c90a5547a2d039b41e04fb6035708a1cbe6e5dab9a9be,43,42,9702,9702,151935,[]
RA-CANCEL-NONSTREAM,nram-scheduler-79beda5b588b400fbef846f0cc6018bc,fa85f1647f341be21a1c90a5547a2d039b41e04fb6035708a1cbe6e5dab9a9be,44,43,9702,9702,151935,[]
RA-CANCEL-NONSTREAM,nram-scheduler-79beda5b588b400fbef846f0cc6018bc,fa85f1647f341be21a1c90a5547a2d039b41e04fb6035708a1cbe6e5dab9a9be,45,44,9702,9702,151935,[]
RA-CANCEL-NONSTREAM,nram-scheduler-79beda5b588b400fbef846f0cc6018bc,fa85f1647f341be21a1c90a5547a2d039b41e04fb6035708a1cbe6e5dab9a9be,46,45,9702,9702,151935,[]
RA-CANCEL-NONSTREAM,nram-scheduler-79beda5b588b400fbef846f0cc6018bc,fa85f1647f341be21a1c90a5547a2d039b41e04fb6035708a1cbe6e5dab9a9be,47,46,9702,9702,151935,[]
RA-CANCEL-NONSTREAM,nram-scheduler-79beda5b588b400fbef846f0cc6018bc,fa85f1647f341be21a1c90a5547a2d039b41e04fb6035708a1cbe6e5dab9a9be,48,47,9702,9702,151935,[]
RA-CANCEL-NONSTREAM,nram-scheduler-79beda5b588b400fbef846f0cc6018bc,fa85f1647f341be21a1c90a5547a2d039b41e04fb6035708a1cbe6e5dab9a9be,49,48,9702,9702,151935,[]
RA-CANCEL-NONSTREAM,nram-scheduler-79beda5b588b400fbef846f0cc6018bc,fa85f1647f341be21a1c90a5547a2d039b41e04fb6035708a1cbe6e5dab9a9be,50,49,9702,9702,151935,[]
RA-CANCEL-NONSTREAM,nram-scheduler-79beda5b588b400fbef846f0cc6018bc,fa85f1647f341be21a1c90a5547a2d039b41e04fb6035708a1cbe6e5dab9a9be,51,50,9702,9702,151935,[]
RA-CANCEL-NONSTREAM,nram-scheduler-79beda5b588b400fbef846f0cc6018bc,fa85f1647f341be21a1c90a5547a2d039b41e04fb6035708a1cbe6e5dab9a9be,52,51,9702,9702,151935,[]
RA-CANCEL-NONSTREAM,nram-scheduler-79beda5b588b400fbef846f0cc6018bc,fa85f1647f341be21a1c90a5547a2d039b41e04fb6035708a1cbe6e5dab9a9be,53,52,9702,9702,151935,[]
RA-CANCEL-NONSTREAM,nram-scheduler-79beda5b588b400fbef846f0cc6018bc,fa85f1647f341be21a1c90a5547a2d039b41e04fb6035708a1cbe6e5dab9a9be,54,53,9702,9702,151935,[]
RA-CANCEL-NONSTREAM,nram-scheduler-79beda5b588b400fbef846f0cc6018bc,fa85f1647f341be21a1c90a5547a2d039b41e04fb6035708a1cbe6e5dab9a9be,55,54,9702,9702,151935,[]
RA-CANCEL-NONSTREAM,nram-scheduler-79beda5b588b400fbef846f0cc6018bc,fa85f1647f341be21a1c90a5547a2d039b41e04fb6035708a1cbe6e5dab9a9be,56,55,9702,9702,151935,[]
RA-CANCEL-NONSTREAM,nram-scheduler-79beda5b588b400fbef846f0cc6018bc,fa85f1647f341be21a1c90a5547a2d039b41e04fb6035708a1cbe6e5dab9a9be,57,56,9702,9702,151935,[]
RA-CANCEL-NONSTREAM,nram-scheduler-79beda5b588b400fbef846f0cc6018bc,fa85f1647f341be21a1c90a5547a2d039b41e04fb6035708a1cbe6e5dab9a9be,58,57,9702,9702,151935,[]
RA-CANCEL-NONSTREAM,nram-scheduler-79beda5b588b400fbef846f0cc6018bc,fa85f1647f341be21a1c90a5547a2d039b41e04fb6035708a1cbe6e5dab9a9be,59,58,9702,9702,151935,[]
RA-CANCEL-NONSTREAM,nram-scheduler-79beda5b588b400fbef846f0cc6018bc,fa85f1647f341be21a1c90a5547a2d039b41e04fb6035708a1cbe6e5dab9a9be,60,59,9702,9702,151935,[]
RA-CANCEL-NONSTREAM,nram-scheduler-79beda5b588b400fbef846f0cc6018bc,fa85f1647f341be21a1c90a5547a2d039b41e04fb6035708a1cbe6e5dab9a9be,61,60,9702,9702,151935,[]
RA-CANCEL-NONSTREAM,nram-scheduler-79beda5b588b400fbef846f0cc6018bc,fa85f1647f341be21a1c90a5547a2d039b41e04fb6035708a1cbe6e5dab9a9be,62,61,9702,9702,151935,[]
RA-CANCEL-NONSTREAM,nram-scheduler-79beda5b588b400fbef846f0cc6018bc,fa85f1647f341be21a1c90a5547a2d039b41e04fb6035708a1cbe6e5dab9a9be,63,62,9702,9702,151935,[]
RA-CANCEL-NONSTREAM,nram-scheduler-79beda5b588b400fbef846f0cc6018bc,fa85f1647f341be21a1c90a5547a2d039b41e04fb6035708a1cbe6e5dab9a9be,64,63,9702,9702,151935,[]
RA-CANCEL-RETRY,nram-scheduler-ce2f26428b9d48359e467cc1b9438908,a6df2ed8a2241ecd5295f931f9309a346390c528756c77a74b0d61b084fff454,1,0,,,2,"[76482, 92040]"
RVR-COMPARE-FORCED,nram-scheduler-181c2baf257d4284b6641572b4c33c29,56c90911bce79013d0ebc1c830dd6afbbf25d269429f22aa6327346a70cfa10e,1,0,9702,9702,151935,[]
RVR-SESSION-GENERATE,nram-scheduler-bf0f9b1e219a4df385bfe59c2e630047,6e1d31acdec541bf0b958a4bcfdf8661fd59cfa680a913055aff5a8c1de06191,1,0,9702,9702,151935,[]
RVR-HASH-ORDER,nram-scheduler-a6919266156e4905a97b9d909714222e,5bb55adbf0b631cf7e5f5b1b7bb0dfa531231a887a06e081a42e91fb9898c58c,1,0,9702,9702,151935,[]
RVR-HASH-ORDER,nram-scheduler-7ede47701b5f43a2a64717c4b7781b82,5bb55adbf0b631cf7e5f5b1b7bb0dfa531231a887a06e081a42e91fb9898c58c,1,0,9702,9702,151935,[]
RVR-DUPLICATE-CALLER-ID,nram-scheduler-27a321269e11413280c90841fad33eb0,5bb55adbf0b631cf7e5f5b1b7bb0dfa531231a887a06e081a42e91fb9898c58c,1,0,9702,9702,151935,[]
RVR-DUPLICATE-CALLER-ID,nram-scheduler-5616763dce16417f9388e1bb0004269d,8ea49ae3b505c698a9aad2045f83fcce579cbb20262fe7d6603472d4faa9dda6,1,0,12095,12095,151935,[]
RVR-MOE-BOUNDED,nram-scheduler-fa94c13d0f0541d3acbc4b1e41587ed9,b2f611363dd9528177756e4a00f337dec7b3a2bb83fd47adebbd1a574609a037,1,0,,,0,[]
RVR-MOE-BOUNDED,nram-scheduler-8197adbd304e4da8a66142dd85641ec2,2fdf4ab9040a16d005974c0e4a9f949e3890540cd2cbf72bdf6ceca2bdb553ca,1,0,,,0,[]
RVR-MOE-BOUNDED,nram-scheduler-dfa7fdc8c18d41f882e5b6f81a9657db,ffbfce18331952160982e63e469396be753428bac792e74eba50687aa621fab9,1,0,,,0,[]
RVR-MOE-BOUNDED,nram-scheduler-b4dcf9be7bad4cad860c90edea3ec015,3ce253f1a43ef6783cb998441da6eda462e3c9aa74535e93844818f6ff9ff84e,1,0,,,0,[]
RVR-MOE-BOUNDED,nram-scheduler-0d08ba23c7254f14a5f301a8d007020f,6c7bda541af14f8e9f8836f9593ef01873a9928219f36d94cc16c970512aa1ad,1,0,,,0,[]
RVR-PERSONA-DISCONNECT,nram-scheduler-e420ce9103fd4af48388c04545bf198f,1ac99ef8d2cff6ee521b7a3fd13aba1fe4d764cbd0e92db876c7d7f14ecf11a3,1,0,,,0,[]
RVR-PERSONA-DISCONNECT,nram-scheduler-e420ce9103fd4af48388c04545bf198f,1ac99ef8d2cff6ee521b7a3fd13aba1fe4d764cbd0e92db876c7d7f14ecf11a3,2,1,,,0,[]
RVR-PERSONA-DISCONNECT,nram-scheduler-e420ce9103fd4af48388c04545bf198f,1ac99ef8d2cff6ee521b7a3fd13aba1fe4d764cbd0e92db876c7d7f14ecf11a3,3,2,,,0,[]
RVR-PERSONA-RETRY,nram-scheduler-fd7c4883dd674a259423c3fbc95b4144,f31a51ac3c6a112979e8b76cf712abcd808c7180ce06074298f8b4eda9b2d787,1,0,,,0,[]
gpu-forced-1493ad6b67544adb87c989db148ef62f-disabled,nram-scheduler-73c91d7778584d2587756d78e250b3b7,47c29c2ef6732deccdbe9d79e00fa1e82cb85f1fc4ffef7a131f7f4fbbbf41ee,1,0,,,2,"[76482, 92040]"
gpu-forced-1493ad6b67544adb87c989db148ef62f,nram-scheduler-391105350428430c8cca62f10dc47c7f,90244e7211f6dd4fba29ded0b7e67ee25d237bd322835b3ac4cbf002c777c976,1,0,11064,11064,151935,"[76482, 92040]"
entropy-fda4739ef09642f8be0a8238e45d2f6a-low,nram-scheduler-0f6fa9f759a5405ab664d3e2bac5826c,8e51997e37d9124d4efb3064f4d56c49204c223de1a41d9b2f96017bd978d63d,1,0,,,2,"[76482, 92040]"
gpu-forced-382d1b77b36d4115b8821db9638ab949-disabled,nram-scheduler-7b25bcf384e44d46bd709cc232a73a1a,47c29c2ef6732deccdbe9d79e00fa1e82cb85f1fc4ffef7a131f7f4fbbbf41ee,1,0,,,2,"[76482, 92040]"
gpu-forced-382d1b77b36d4115b8821db9638ab949,nram-scheduler-9a1fa86a2e874dde970f8a774e94ba58,90244e7211f6dd4fba29ded0b7e67ee25d237bd322835b3ac4cbf002c777c976,1,0,11064,11064,151935,"[76482, 92040]"
entropy-151721c5df874439b6f30bec56d895e4-low,nram-scheduler-2c9cd754ef87432bb8021d0e6505dc90,8e51997e37d9124d4efb3064f4d56c49204c223de1a41d9b2f96017bd978d63d,1,0,,,2,"[76482, 92040]"
entropy-151721c5df874439b6f30bec56d895e4-medium,nram-scheduler-0c93114445ae4e2ca5a1168a5575027d,673378859b13b49647c835930ad8a41d38fc96404f75ef8f821401a2f852f4dd,1,0,,,2,"[76482, 92040]"
entropy-151721c5df874439b6f30bec56d895e4-high,nram-scheduler-ac82964757f0425e9044340e60616be5,9e40ef4f7cfdc4480c075281be856610d793d5339434bb9496214b7078799976,1,0,,,2,"[76482, 92040]"
entropy-151721c5df874439b6f30bec56d895e4-medium-reset,nram-scheduler-dadc6adc3de6487c934194b5047c857f,673378859b13b49647c835930ad8a41d38fc96404f75ef8f821401a2f852f4dd,1,0,,,2,"[76482, 92040]"
entropy-151721c5df874439b6f30bec56d895e4-fixed-temperature,nram-scheduler-5d0a15ae65d14f7dbfda0f492e3385cd,fc1d349ba7f8d6726c873e18a1d6f54be9b9db12c1bb3171f3d5e011823eb826,1,0,,,2,"[76482, 92040]"
logits-b44856eddddc48c1be6e03b5819925cb,nram-scheduler-bc29484894a74634a2a0b5bc8409a224,109e61b0ce389185333793d3baf49e3832db44deef1c7546b78b398547afc333,1,0,,,2,"[76482, 92040]"
logits-b44856eddddc48c1be6e03b5819925cb,nram-scheduler-bc29484894a74634a2a0b5bc8409a224,109e61b0ce389185333793d3baf49e3832db44deef1c7546b78b398547afc333,2,1,,,2,"[76482, 92040]"
phrase-df701d16fd8f40a98ea2fe34557a872f-disabled,nram-scheduler-932161adc7a04856b6742f9c3985f5a1,b5752a6914a048728bd4ec76810543272566e943b20ce51accc1116a51792d98,1,0,36813,36813,151935,"[76482, 92040]"
phrase-df701d16fd8f40a98ea2fe34557a872f-disabled,nram-scheduler-932161adc7a04856b6742f9c3985f5a1,b5752a6914a048728bd4ec76810543272566e943b20ce51accc1116a51792d98,2,1,34074,34074,151935,"[76482, 92040]"
phrase-df701d16fd8f40a98ea2fe34557a872f-enabled,nram-scheduler-8449eba49ad441c3b1c67c9456208749,5636bd7891b7f1278cdf1a9f0251824066a1d389bf56d45e2429cb982dac4178,1,0,36813,36813,151935,"[76482, 92040]"
phrase-df701d16fd8f40a98ea2fe34557a872f-enabled,nram-scheduler-8449eba49ad441c3b1c67c9456208749,5636bd7891b7f1278cdf1a9f0251824066a1d389bf56d45e2429cb982dac4178,2,1,,34074,3,"[34074, 76482, 92040]"
phrase-9716b2fcd8d0433aa07991f01c841a07-disabled,nram-scheduler-cdbf3a1394304b3e8bee34ee1479821f,aa24722cefb135a40beccacb65c1d1c2561601f188063b2c9fcb21cf4942c54c,1,0,50315,50315,151935,"[76482, 92040]"
phrase-9716b2fcd8d0433aa07991f01c841a07-disabled,nram-scheduler-cdbf3a1394304b3e8bee34ee1479821f,aa24722cefb135a40beccacb65c1d1c2561601f188063b2c9fcb21cf4942c54c,2,1,1953,1953,151935,"[76482, 92040]"
phrase-9716b2fcd8d0433aa07991f01c841a07-disabled,nram-scheduler-cdbf3a1394304b3e8bee34ee1479821f,aa24722cefb135a40beccacb65c1d1c2561601f188063b2c9fcb21cf4942c54c,3,2,49126,49126,151935,"[76482, 92040]"
phrase-9716b2fcd8d0433aa07991f01c841a07-disabled,nram-scheduler-cdbf3a1394304b3e8bee34ee1479821f,aa24722cefb135a40beccacb65c1d1c2561601f188063b2c9fcb21cf4942c54c,4,3,19622,19622,151935,"[76482, 92040]"
phrase-9716b2fcd8d0433aa07991f01c841a07-disabled,nram-scheduler-cdbf3a1394304b3e8bee34ee1479821f,aa24722cefb135a40beccacb65c1d1c2561601f188063b2c9fcb21cf4942c54c,5,4,1508,1508,151935,"[76482, 92040]"
phrase-9716b2fcd8d0433aa07991f01c841a07-disabled,nram-scheduler-cdbf3a1394304b3e8bee34ee1479821f,aa24722cefb135a40beccacb65c1d1c2561601f188063b2c9fcb21cf4942c54c,6,5,89,89,151935,"[76482, 92040]"
phrase-9716b2fcd8d0433aa07991f01c841a07-disabled,nram-scheduler-cdbf3a1394304b3e8bee34ee1479821f,aa24722cefb135a40beccacb65c1d1c2561601f188063b2c9fcb21cf4942c54c,7,6,269,269,151935,"[76482, 92040]"
phrase-9716b2fcd8d0433aa07991f01c841a07-enabled,nram-scheduler-814b43700cfe4c399530f5788d302230,bacb2f03347291ef66cbddeb3924396dd92d1ef1872053e7e09000d539dd9e4d,1,0,50315,50315,151935,"[76482, 92040]"
phrase-9716b2fcd8d0433aa07991f01c841a07-enabled,nram-scheduler-814b43700cfe4c399530f5788d302230,bacb2f03347291ef66cbddeb3924396dd92d1ef1872053e7e09000d539dd9e4d,2,1,1953,1953,151935,"[76482, 92040]"
phrase-9716b2fcd8d0433aa07991f01c841a07-enabled,nram-scheduler-814b43700cfe4c399530f5788d302230,bacb2f03347291ef66cbddeb3924396dd92d1ef1872053e7e09000d539dd9e4d,3,2,49126,49126,151935,"[76482, 92040]"
phrase-9716b2fcd8d0433aa07991f01c841a07-enabled,nram-scheduler-814b43700cfe4c399530f5788d302230,bacb2f03347291ef66cbddeb3924396dd92d1ef1872053e7e09000d539dd9e4d,4,3,19622,19622,151935,"[76482, 92040]"
phrase-9716b2fcd8d0433aa07991f01c841a07-enabled,nram-scheduler-814b43700cfe4c399530f5788d302230,bacb2f03347291ef66cbddeb3924396dd92d1ef1872053e7e09000d539dd9e4d,5,4,1508,1508,151935,"[76482, 92040]"
phrase-9716b2fcd8d0433aa07991f01c841a07-enabled,nram-scheduler-814b43700cfe4c399530f5788d302230,bacb2f03347291ef66cbddeb3924396dd92d1ef1872053e7e09000d539dd9e4d,6,5,89,89,151935,"[76482, 92040]"
phrase-9716b2fcd8d0433aa07991f01c841a07-enabled,nram-scheduler-814b43700cfe4c399530f5788d302230,bacb2f03347291ef66cbddeb3924396dd92d1ef1872053e7e09000d539dd9e4d,7,6,,269,3,"[269, 76482, 92040]"
source-0d77aacc8d7d4970b663b31c748ecb53-disabled,nram-scheduler-f6473687dfe040e6b1d5714a7b0d6562,478d808b34bbde843fb0ba33df5be1eda17808324b2c14c62b579d1215e4f2c6,1,0,362,362,151935,"[76482, 92040]"
source-0d77aacc8d7d4970b663b31c748ecb53-disabled,nram-scheduler-f6473687dfe040e6b1d5714a7b0d6562,478d808b34bbde843fb0ba33df5be1eda17808324b2c14c62b579d1215e4f2c6,2,1,23560,23560,151935,"[76482, 92040]"
source-0d77aacc8d7d4970b663b31c748ecb53-disabled,nram-scheduler-f6473687dfe040e6b1d5714a7b0d6562,478d808b34bbde843fb0ba33df5be1eda17808324b2c14c62b579d1215e4f2c6,3,2,2530,2530,151935,"[76482, 92040]"
source-0d77aacc8d7d4970b663b31c748ecb53-disabled,nram-scheduler-f6473687dfe040e6b1d5714a7b0d6562,478d808b34bbde843fb0ba33df5be1eda17808324b2c14c62b579d1215e4f2c6,4,3,41171,41171,151935,"[76482, 92040]"
source-0d77aacc8d7d4970b663b31c748ecb53-disabled,nram-scheduler-f6473687dfe040e6b1d5714a7b0d6562,478d808b34bbde843fb0ba33df5be1eda17808324b2c14c62b579d1215e4f2c6,5,4,49435,49435,151935,"[76482, 92040]"
source-0d77aacc8d7d4970b663b31c748ecb53-disabled,nram-scheduler-f6473687dfe040e6b1d5714a7b0d6562,478d808b34bbde843fb0ba33df5be1eda17808324b2c14c62b579d1215e4f2c6,6,5,8063,8063,151935,"[76482, 92040]"
source-0d77aacc8d7d4970b663b31c748ecb53-disabled,nram-scheduler-f6473687dfe040e6b1d5714a7b0d6562,478d808b34bbde843fb0ba33df5be1eda17808324b2c14c62b579d1215e4f2c6,7,6,12460,12460,151935,"[76482, 92040]"
source-0d77aacc8d7d4970b663b31c748ecb53-disabled,nram-scheduler-f6473687dfe040e6b1d5714a7b0d6562,478d808b34bbde843fb0ba33df5be1eda17808324b2c14c62b579d1215e4f2c6,8,7,3950,3950,151935,"[76482, 92040]"
source-0d77aacc8d7d4970b663b31c748ecb53-enabled,nram-scheduler-1a8bef26c0cf4fd8a89a5f5932a9e580,58fe8e4e2aea4dc13a70a252d580dfd9ee927375e0a7dacb9be93c8ff9ccfd94,1,0,362,362,151935,"[76482, 92040]"
source-0d77aacc8d7d4970b663b31c748ecb53-enabled,nram-scheduler-1a8bef26c0cf4fd8a89a5f5932a9e580,58fe8e4e2aea4dc13a70a252d580dfd9ee927375e0a7dacb9be93c8ff9ccfd94,2,1,23560,23560,151935,"[76482, 92040]"
source-0d77aacc8d7d4970b663b31c748ecb53-enabled,nram-scheduler-1a8bef26c0cf4fd8a89a5f5932a9e580,58fe8e4e2aea4dc13a70a252d580dfd9ee927375e0a7dacb9be93c8ff9ccfd94,3,2,2530,2530,151935,"[76482, 92040]"
source-0d77aacc8d7d4970b663b31c748ecb53-enabled,nram-scheduler-1a8bef26c0cf4fd8a89a5f5932a9e580,58fe8e4e2aea4dc13a70a252d580dfd9ee927375e0a7dacb9be93c8ff9ccfd94,4,3,41171,41171,151935,"[76482, 92040]"
source-0d77aacc8d7d4970b663b31c748ecb53-enabled,nram-scheduler-1a8bef26c0cf4fd8a89a5f5932a9e580,58fe8e4e2aea4dc13a70a252d580dfd9ee927375e0a7dacb9be93c8ff9ccfd94,5,4,49435,49435,151935,"[76482, 92040]"
source-0d77aacc8d7d4970b663b31c748ecb53-enabled,nram-scheduler-1a8bef26c0cf4fd8a89a5f5932a9e580,58fe8e4e2aea4dc13a70a252d580dfd9ee927375e0a7dacb9be93c8ff9ccfd94,6,5,8063,8063,151935,"[76482, 92040]"
source-0d77aacc8d7d4970b663b31c748ecb53-enabled,nram-scheduler-1a8bef26c0cf4fd8a89a5f5932a9e580,58fe8e4e2aea4dc13a70a252d580dfd9ee927375e0a7dacb9be93c8ff9ccfd94,7,6,12460,12460,151935,"[76482, 92040]"
source-0d77aacc8d7d4970b663b31c748ecb53-enabled,nram-scheduler-1a8bef26c0cf4fd8a89a5f5932a9e580,58fe8e4e2aea4dc13a70a252d580dfd9ee927375e0a7dacb9be93c8ff9ccfd94,8,7,,3950,3,"[3950, 76482, 92040]"
grammar-c42e01474dd74fe4b5ee924139294f2d,nram-scheduler-3b082ade8b234f969847d6101693373b,1547e3362e66c2763918741f4b108d58ac4a0b0fc5820a2611d34453f05782c9,1,0,4913,4913,151935,"[76482, 92040]"
grammar-c42e01474dd74fe4b5ee924139294f2d,nram-scheduler-3b082ade8b234f969847d6101693373b,1547e3362e66c2763918741f4b108d58ac4a0b0fc5820a2611d34453f05782c9,2,1,957,957,151935,"[76482, 92040]"
grammar-c42e01474dd74fe4b5ee924139294f2d,nram-scheduler-3b082ade8b234f969847d6101693373b,1547e3362e66c2763918741f4b108d58ac4a0b0fc5820a2611d34453f05782c9,3,2,3252,3252,151935,"[76482, 92040]"
grammar-c42e01474dd74fe4b5ee924139294f2d,nram-scheduler-3b082ade8b234f969847d6101693373b,1547e3362e66c2763918741f4b108d58ac4a0b0fc5820a2611d34453f05782c9,4,3,1958,1958,151935,"[76482, 92040]"
grammar-c42e01474dd74fe4b5ee924139294f2d,nram-scheduler-3b082ade8b234f969847d6101693373b,1547e3362e66c2763918741f4b108d58ac4a0b0fc5820a2611d34453f05782c9,5,4,22108,22108,151935,"[76482, 92040]"
grammar-c42e01474dd74fe4b5ee924139294f2d,nram-scheduler-3b082ade8b234f969847d6101693373b,1547e3362e66c2763918741f4b108d58ac4a0b0fc5820a2611d34453f05782c9,6,5,,34074,3,"[34074, 76482, 92040]"
grammar-c42e01474dd74fe4b5ee924139294f2d,nram-scheduler-3b082ade8b234f969847d6101693373b,1547e3362e66c2763918741f4b108d58ac4a0b0fc5820a2611d34453f05782c9,7,6,,9207,2,"[76482, 92040]"
stream-a332a63899544e579481f7c4281ea0b0,nram-scheduler-2b459fca75f942c5ab378afd269c9298,2984e10569f3a40e5bcb8eccb5a0cc773e3bcd1529e8665dcaab0b155f25fb10,1,0,36813,36813,151935,"[76482, 92040]"
stream-a332a63899544e579481f7c4281ea0b0,nram-scheduler-2b459fca75f942c5ab378afd269c9298,2984e10569f3a40e5bcb8eccb5a0cc773e3bcd1529e8665dcaab0b155f25fb10,2,1,,34074,3,"[34074, 76482, 92040]"
gpu-forced-660bc858ad24459095d4d9fff3b0c361-disabled,nram-scheduler-c54bd966ae9b4e3d8cc52fdbb65a9957,47c29c2ef6732deccdbe9d79e00fa1e82cb85f1fc4ffef7a131f7f4fbbbf41ee,1,0,,,2,"[76482, 92040]"
gpu-forced-660bc858ad24459095d4d9fff3b0c361,nram-scheduler-748367865b1c497fa8b2951458922cc9,90244e7211f6dd4fba29ded0b7e67ee25d237bd322835b3ac4cbf002c777c976,1,0,11064,11064,151935,"[76482, 92040]"
entropy-941e23043a3e46658a28c2a89e789a65-low,nram-scheduler-042ab5448812425c9161d987400af114,8e51997e37d9124d4efb3064f4d56c49204c223de1a41d9b2f96017bd978d63d,1,0,,,2,"[76482, 92040]"
entropy-941e23043a3e46658a28c2a89e789a65-medium,nram-scheduler-cb95793fc11b42a7ad3a39ae1021c817,673378859b13b49647c835930ad8a41d38fc96404f75ef8f821401a2f852f4dd,1,0,,,2,"[76482, 92040]"
entropy-941e23043a3e46658a28c2a89e789a65-high,nram-scheduler-593b4866899847d7ad49fa91a272c1f8,9e40ef4f7cfdc4480c075281be856610d793d5339434bb9496214b7078799976,1,0,,,2,"[76482, 92040]"
entropy-941e23043a3e46658a28c2a89e789a65-medium-reset,nram-scheduler-f70b3ffec58840c4bda7ccebcc9f1801,673378859b13b49647c835930ad8a41d38fc96404f75ef8f821401a2f852f4dd,1,0,,,2,"[76482, 92040]"
entropy-941e23043a3e46658a28c2a89e789a65-fixed-temperature,nram-scheduler-1f4d9c063ed24cafbe788961ce01958d,fc1d349ba7f8d6726c873e18a1d6f54be9b9db12c1bb3171f3d5e011823eb826,1,0,,,2,"[76482, 92040]"
logits-dbd437231406476c96fefc83f3cdbbf2,nram-scheduler-72a54beee7fb416cb8cb3476fc0d5669,109e61b0ce389185333793d3baf49e3832db44deef1c7546b78b398547afc333,1,0,,,2,"[76482, 92040]"
logits-dbd437231406476c96fefc83f3cdbbf2,nram-scheduler-72a54beee7fb416cb8cb3476fc0d5669,109e61b0ce389185333793d3baf49e3832db44deef1c7546b78b398547afc333,2,1,,,2,"[76482, 92040]"
phrase-f9fedc500f19447ab366395d507a0dc1-disabled,nram-scheduler-6e0f8821534842c0a9e7e6763453032e,b5752a6914a048728bd4ec76810543272566e943b20ce51accc1116a51792d98,1,0,36813,36813,151935,"[76482, 92040]"
phrase-f9fedc500f19447ab366395d507a0dc1-disabled,nram-scheduler-6e0f8821534842c0a9e7e6763453032e,b5752a6914a048728bd4ec76810543272566e943b20ce51accc1116a51792d98,2,1,34074,34074,151935,"[76482, 92040]"
phrase-f9fedc500f19447ab366395d507a0dc1-enabled,nram-scheduler-b949022aed474b1290e40829b07343cf,5636bd7891b7f1278cdf1a9f0251824066a1d389bf56d45e2429cb982dac4178,1,0,36813,36813,151935,"[76482, 92040]"
phrase-f9fedc500f19447ab366395d507a0dc1-enabled,nram-scheduler-b949022aed474b1290e40829b07343cf,5636bd7891b7f1278cdf1a9f0251824066a1d389bf56d45e2429cb982dac4178,2,1,,34074,3,"[34074, 76482, 92040]"
phrase-4e902b6458904942bfedf9223f3003a6-disabled,nram-scheduler-44ace153ea2f4a3cb4c580aa85cc1d9f,aa24722cefb135a40beccacb65c1d1c2561601f188063b2c9fcb21cf4942c54c,1,0,50315,50315,151935,"[76482, 92040]"
phrase-4e902b6458904942bfedf9223f3003a6-disabled,nram-scheduler-44ace153ea2f4a3cb4c580aa85cc1d9f,aa24722cefb135a40beccacb65c1d1c2561601f188063b2c9fcb21cf4942c54c,2,1,1953,1953,151935,"[76482, 92040]"
phrase-4e902b6458904942bfedf9223f3003a6-disabled,nram-scheduler-44ace153ea2f4a3cb4c580aa85cc1d9f,aa24722cefb135a40beccacb65c1d1c2561601f188063b2c9fcb21cf4942c54c,3,2,49126,49126,151935,"[76482, 92040]"
phrase-4e902b6458904942bfedf9223f3003a6-disabled,nram-scheduler-44ace153ea2f4a3cb4c580aa85cc1d9f,aa24722cefb135a40beccacb65c1d1c2561601f188063b2c9fcb21cf4942c54c,4,3,19622,19622,151935,"[76482, 92040]"
phrase-4e902b6458904942bfedf9223f3003a6-disabled,nram-scheduler-44ace153ea2f4a3cb4c580aa85cc1d9f,aa24722cefb135a40beccacb65c1d1c2561601f188063b2c9fcb21cf4942c54c,5,4,1508,1508,151935,"[76482, 92040]"
phrase-4e902b6458904942bfedf9223f3003a6-disabled,nram-scheduler-44ace153ea2f4a3cb4c580aa85cc1d9f,aa24722cefb135a40beccacb65c1d1c2561601f188063b2c9fcb21cf4942c54c,6,5,89,89,151935,"[76482, 92040]"
phrase-4e902b6458904942bfedf9223f3003a6-disabled,nram-scheduler-44ace153ea2f4a3cb4c580aa85cc1d9f,aa24722cefb135a40beccacb65c1d1c2561601f188063b2c9fcb21cf4942c54c,7,6,269,269,151935,"[76482, 92040]"
phrase-4e902b6458904942bfedf9223f3003a6-enabled,nram-scheduler-b3285f7e22954aae832c62a3b07665dc,bacb2f03347291ef66cbddeb3924396dd92d1ef1872053e7e09000d539dd9e4d,1,0,50315,50315,151935,"[76482, 92040]"
phrase-4e902b6458904942bfedf9223f3003a6-enabled,nram-scheduler-b3285f7e22954aae832c62a3b07665dc,bacb2f03347291ef66cbddeb3924396dd92d1ef1872053e7e09000d539dd9e4d,2,1,1953,1953,151935,"[76482, 92040]"
phrase-4e902b6458904942bfedf9223f3003a6-enabled,nram-scheduler-b3285f7e22954aae832c62a3b07665dc,bacb2f03347291ef66cbddeb3924396dd92d1ef1872053e7e09000d539dd9e4d,3,2,49126,49126,151935,"[76482, 92040]"
phrase-4e902b6458904942bfedf9223f3003a6-enabled,nram-scheduler-b3285f7e22954aae832c62a3b07665dc,bacb2f03347291ef66cbddeb3924396dd92d1ef1872053e7e09000d539dd9e4d,4,3,19622,19622,151935,"[76482, 92040]"
phrase-4e902b6458904942bfedf9223f3003a6-enabled,nram-scheduler-b3285f7e22954aae832c62a3b07665dc,bacb2f03347291ef66cbddeb3924396dd92d1ef1872053e7e09000d539dd9e4d,5,4,1508,1508,151935,"[76482, 92040]"
phrase-4e902b6458904942bfedf9223f3003a6-enabled,nram-scheduler-b3285f7e22954aae832c62a3b07665dc,bacb2f03347291ef66cbddeb3924396dd92d1ef1872053e7e09000d539dd9e4d,6,5,89,89,151935,"[76482, 92040]"
phrase-4e902b6458904942bfedf9223f3003a6-enabled,nram-scheduler-b3285f7e22954aae832c62a3b07665dc,bacb2f03347291ef66cbddeb3924396dd92d1ef1872053e7e09000d539dd9e4d,7,6,,269,3,"[269, 76482, 92040]"
source-02f9446c18364dcd97c07e49356c2725-disabled,nram-scheduler-ae0cdc22504b44f88258a71f6b5bcb49,478d808b34bbde843fb0ba33df5be1eda17808324b2c14c62b579d1215e4f2c6,1,0,362,362,151935,"[76482, 92040]"
source-02f9446c18364dcd97c07e49356c2725-disabled,nram-scheduler-ae0cdc22504b44f88258a71f6b5bcb49,478d808b34bbde843fb0ba33df5be1eda17808324b2c14c62b579d1215e4f2c6,2,1,23560,23560,151935,"[76482, 92040]"
source-02f9446c18364dcd97c07e49356c2725-disabled,nram-scheduler-ae0cdc22504b44f88258a71f6b5bcb49,478d808b34bbde843fb0ba33df5be1eda17808324b2c14c62b579d1215e4f2c6,3,2,2530,2530,151935,"[76482, 92040]"
source-02f9446c18364dcd97c07e49356c2725-disabled,nram-scheduler-ae0cdc22504b44f88258a71f6b5bcb49,478d808b34bbde843fb0ba33df5be1eda17808324b2c14c62b579d1215e4f2c6,4,3,41171,41171,151935,"[76482, 92040]"
source-02f9446c18364dcd97c07e49356c2725-disabled,nram-scheduler-ae0cdc22504b44f88258a71f6b5bcb49,478d808b34bbde843fb0ba33df5be1eda17808324b2c14c62b579d1215e4f2c6,5,4,49435,49435,151935,"[76482, 92040]"
source-02f9446c18364dcd97c07e49356c2725-disabled,nram-scheduler-ae0cdc22504b44f88258a71f6b5bcb49,478d808b34bbde843fb0ba33df5be1eda17808324b2c14c62b579d1215e4f2c6,6,5,8063,8063,151935,"[76482, 92040]"
source-02f9446c18364dcd97c07e49356c2725-disabled,nram-scheduler-ae0cdc22504b44f88258a71f6b5bcb49,478d808b34bbde843fb0ba33df5be1eda17808324b2c14c62b579d1215e4f2c6,7,6,12460,12460,151935,"[76482, 92040]"
source-02f9446c18364dcd97c07e49356c2725-disabled,nram-scheduler-ae0cdc22504b44f88258a71f6b5bcb49,478d808b34bbde843fb0ba33df5be1eda17808324b2c14c62b579d1215e4f2c6,8,7,3950,3950,151935,"[76482, 92040]"
source-02f9446c18364dcd97c07e49356c2725-enabled,nram-scheduler-0fea486a8c0f47c9b9e8b779f8d8747e,58fe8e4e2aea4dc13a70a252d580dfd9ee927375e0a7dacb9be93c8ff9ccfd94,1,0,362,362,151935,"[76482, 92040]"
source-02f9446c18364dcd97c07e49356c2725-enabled,nram-scheduler-0fea486a8c0f47c9b9e8b779f8d8747e,58fe8e4e2aea4dc13a70a252d580dfd9ee927375e0a7dacb9be93c8ff9ccfd94,2,1,23560,23560,151935,"[76482, 92040]"
source-02f9446c18364dcd97c07e49356c2725-enabled,nram-scheduler-0fea486a8c0f47c9b9e8b779f8d8747e,58fe8e4e2aea4dc13a70a252d580dfd9ee927375e0a7dacb9be93c8ff9ccfd94,3,2,2530,2530,151935,"[76482, 92040]"
source-02f9446c18364dcd97c07e49356c2725-enabled,nram-scheduler-0fea486a8c0f47c9b9e8b779f8d8747e,58fe8e4e2aea4dc13a70a252d580dfd9ee927375e0a7dacb9be93c8ff9ccfd94,4,3,41171,41171,151935,"[76482, 92040]"
source-02f9446c18364dcd97c07e49356c2725-enabled,nram-scheduler-0fea486a8c0f47c9b9e8b779f8d8747e,58fe8e4e2aea4dc13a70a252d580dfd9ee927375e0a7dacb9be93c8ff9ccfd94,5,4,49435,49435,151935,"[76482, 92040]"
source-02f9446c18364dcd97c07e49356c2725-enabled,nram-scheduler-0fea486a8c0f47c9b9e8b779f8d8747e,58fe8e4e2aea4dc13a70a252d580dfd9ee927375e0a7dacb9be93c8ff9ccfd94,6,5,8063,8063,151935,"[76482, 92040]"
source-02f9446c18364dcd97c07e49356c2725-enabled,nram-scheduler-0fea486a8c0f47c9b9e8b779f8d8747e,58fe8e4e2aea4dc13a70a252d580dfd9ee927375e0a7dacb9be93c8ff9ccfd94,7,6,12460,12460,151935,"[76482, 92040]"
source-02f9446c18364dcd97c07e49356c2725-enabled,nram-scheduler-0fea486a8c0f47c9b9e8b779f8d8747e,58fe8e4e2aea4dc13a70a252d580dfd9ee927375e0a7dacb9be93c8ff9ccfd94,8,7,,3950,3,"[3950, 76482, 92040]"
grammar-b7126b1f46cd431d8025f8f362ad4f6f,nram-scheduler-9784a3ee7e7446c98bd02f41bbc6be89,1547e3362e66c2763918741f4b108d58ac4a0b0fc5820a2611d34453f05782c9,1,0,4913,4913,151935,"[76482, 92040]"
grammar-b7126b1f46cd431d8025f8f362ad4f6f,nram-scheduler-9784a3ee7e7446c98bd02f41bbc6be89,1547e3362e66c2763918741f4b108d58ac4a0b0fc5820a2611d34453f05782c9,2,1,957,957,151935,"[76482, 92040]"
grammar-b7126b1f46cd431d8025f8f362ad4f6f,nram-scheduler-9784a3ee7e7446c98bd02f41bbc6be89,1547e3362e66c2763918741f4b108d58ac4a0b0fc5820a2611d34453f05782c9,3,2,3252,3252,151935,"[76482, 92040]"
grammar-b7126b1f46cd431d8025f8f362ad4f6f,nram-scheduler-9784a3ee7e7446c98bd02f41bbc6be89,1547e3362e66c2763918741f4b108d58ac4a0b0fc5820a2611d34453f05782c9,4,3,1958,1958,151935,"[76482, 92040]"
grammar-b7126b1f46cd431d8025f8f362ad4f6f,nram-scheduler-9784a3ee7e7446c98bd02f41bbc6be89,1547e3362e66c2763918741f4b108d58ac4a0b0fc5820a2611d34453f05782c9,5,4,22108,22108,151935,"[76482, 92040]"
grammar-b7126b1f46cd431d8025f8f362ad4f6f,nram-scheduler-9784a3ee7e7446c98bd02f41bbc6be89,1547e3362e66c2763918741f4b108d58ac4a0b0fc5820a2611d34453f05782c9,6,5,,34074,3,"[34074, 76482, 92040]"
grammar-b7126b1f46cd431d8025f8f362ad4f6f,nram-scheduler-9784a3ee7e7446c98bd02f41bbc6be89,1547e3362e66c2763918741f4b108d58ac4a0b0fc5820a2611d34453f05782c9,7,6,,9207,2,"[76482, 92040]"
stream-94659f2a192e4eff9ee70bfb8a94b855,nram-scheduler-9eae71829b75420eb4593c5f8706f981,2984e10569f3a40e5bcb8eccb5a0cc773e3bcd1529e8665dcaab0b155f25fb10,1,0,36813,36813,151935,"[76482, 92040]"
stream-94659f2a192e4eff9ee70bfb8a94b855,nram-scheduler-9eae71829b75420eb4593c5f8706f981,2984e10569f3a40e5bcb8eccb5a0cc773e3bcd1529e8665dcaab0b155f25fb10,2,1,,34074,3,"[34074, 76482, 92040]"
